strokeweig,featurecla,scalerank,rivernum,dissolve,name,name_alt,note,ne_id,wikidataid,name_ar,name_bn,name_de,name_en,name_es,name_fr,name_el,name_hi,name_hu,name_id,name_it,name_ja,name_ko,name_nl,name_pl,name_pt,name_ru,name_sv,name_tr,name_vi,name_zh,name_fa,name_he,name_uk,name_ur,name_zht,min_zoom,min_label
0.150000000,Lake Centerline,13,0,,,,,1746286519,,,,,,,,,,,,,,,,,,,,,,,,,,,,7.5,8.5
0.150000000,Lake Centerline,13,0,,,,,1746286521,,,,,,,,,,,,,,,,,,,,,,,,,,,,7.5,8.5
0.150000000,River (Intermittent),13,0,,,,,1746286523,,,,,,,,,,,,,,,,,,,,,,,,,,,,7.5,8.5
0.150000000,River (Intermittent),13,0,,,,,1746286525,,,,,,,,,,,,,,,,,,,,,,,,,,,,7.5,8.5
0.150000000,River (Intermittent),13,0,,Ponton,Ponton Creek,,1746286527,,,,,,,,,,,,,,,,,,,,,,,,,,,,7.5,8.5
0.150000000,River (Intermittent),13,0,,Alice,,,1746286529,Q1584380,نهر أليس,,Alice River,Alice River,,,,,,,,,,,,,,,,,,,,,,,7.5,8.5
0.150000000,River (Intermittent),13,0,,Buckley,,,1746286531,Q113121,,,Buckley River,Buckley River,,,,,,,,バックリー川,,,,,,Buckley River,,,,,,,,,7.5,8.5
0.150000000,River (Intermittent),13,0,,Peake,Peake Creek,,1746286535,,,,,,,,,,,,,,,,,,,,,,,,,,,,7.5,8.5
0.150000000,River (Intermittent),13,0,,Finke,,,1746286537,Q1417383,,,Finke River,Finke River,,Finke River,,,,,,フィンク川,,Finke River,Finke,,Финке,Finke River,,,,رودخانه فینکی,,Фінк,,,7.5,8.5
0.150000000,River (Intermittent),13,0,,Hale,,,1746286539,Q1570839,,,Hale River,Hale River,,,,,,,,,,,,,,Hale River,,,,,,,,,7.5,8.5
0.150000000,River (Intermittent),13,0,,Todd,,,1746286541,Q574435,,,Todd River,Todd River,,,,,,,,,,Todd,,,Тодд,,,,,,,,,,7.5,8.5
0.150000000,River (Intermittent),13,0,,Strzelecki,Strzelecki Creek,,1746286543,Q2357521,,,Strzelecki Creek,Strzelecki Creek,,,,,,,,ストルゼレスキ・クリーク,,,Strzelecki Creek,,,Strzelecki Creek,,,,,,,,,7.5,8.5
0.150000000,River (Intermittent),13,0,,Frome,,,1746286545,Q21911442,,,,Frome River,,,,,,,,,,,,,,Frome River,,,,,,,,,7.5,8.5
0.150000000,River (Intermittent),13,0,,,,,1746286547,,,,,,,,,,,,,,,,,,,,,,,,,,,,7.5,8.5
0.150000000,River (Intermittent),13,0,,,,,1746286549,,,,,,,,,,,,,,,,,,,,,,,,,,,,7.5,8.5
0.150000000,River (Intermittent),13,0,,Playford,,,1746286553,Q7203326,,,,Playford River,,,,,,,,,,,,,,,,,,,,,,,7.5,8.5
0.150000000,River (Intermittent),13,0,,Newcastle,Newcastle Creek,,1746286555,,,,,,,,,,,,,,,,,,,,,,,,,,,,7.5,8.5
0.150000000,River (Intermittent),13,0,,Cresswell,Cresswell Creek,,1746286557,,,,,,,,,,,,,,,,,,,,,,,,,,,,7.5,8.5
0.200000000,River (Intermittent),13,0,,Great Anabranch of Darling,,,1746286559,Q1544248,,,Great Darling Anabranch,Great Darling Anabranch,,,,,,,,,,,,,,,,,,,,,,,7.5,8.5
0.150000000,River (Intermittent),13,0,,Phillips,,,1746286561,Q7185937,,,,Phillips River,,,,,,,,,,Phillips,,,,Phillips River,,,,,,,,,7.5,8.5
0.200000000,River (Intermittent),13,0,,Phillips,,,1746286563,Q7185937,,,,Phillips River,,,,,,,,,,Phillips,,,,Phillips River,,,,,,,,,7.5,8.5
0.150000000,River (Intermittent),13,0,,Hodgson,,,1746286565,Q1468954,,,Hodgson River,Hodgson River,,,,,,,,,,,,,,Hodgson River,,,,,,,,,7.5,8.5
0.200000000,River (Intermittent),13,0,,Hodgson,,,1746286567,Q1468954,,,Hodgson River,Hodgson River,,,,,,,,,,,,,,Hodgson River,,,,,,,,,7.5,8.5
0.150000000,River (Intermittent),13,0,,Sandover,,,1746286571,Q1494082,,,Sandover River,Sandover River,,Sandover River,,,,,,,,Sandover River,,,,Sandover River,,,,,,,,,7.5,8.5
0.150000000,River (Intermittent),13,0,,Walker,Walker Creek,,1746286573,,,,,,,,,,,,,,,,,,,,,,,,,,,,7.5,8.5
0.150000000,River (Intermittent),13,0,,Finke,,,1746286575,Q1417383,,,Finke River,Finke River,,Finke River,,,,,,フィンク川,,Finke River,Finke,,Финке,Finke River,,,,رودخانه فینکی,,Фінк,,,7.5,8.5
0.150000000,River (Intermittent),13,0,,Palmer,,,1746286577,Q1671135,نهر بالمر,,Palmer River,Palmer River,,Palmer River,,,,,,,,Palmer River,,,,,,,帕尔默河,پالمر ریور,,,,帕爾默河,7.5,8.5
0.200000000,River (Intermittent),13,0,,Palmer,,,1746286579,Q1671135,نهر بالمر,,Palmer River,Palmer River,,Palmer River,,,,,,,,Palmer River,,,,,,,帕尔默河,پالمر ریور,,,,帕爾默河,7.5,8.5
0.200000000,River (Intermittent),13,0,,Gilliat,,,1746286581,Q1524587,,,Gilliat River,Gilliat River,,,,,,,,,,,,,,Gilliat River,,,,,,,,,7.5,8.5
0.150000000,River (Intermittent),13,0,,McKinlay,,,1746286583,Q1915251,,,McKinlay River,McKinlay River,,,,,,,,,,,,,,,,,,,,,,,7.5,8.5
0.150000000,River (Intermittent),13,0,,Chamberlain,,,1746286585,Q1060661,نهر تشامبرلين,,Chamberlain River,Chamberlain River,,Chamberlain River,,,,,,,,Chamberlain River,,,,Chamberlain River,,,,,,,,,7.5,8.5
0.200000000,River (Intermittent),13,0,,Chamberlain,,,1746286589,Q1060661,نهر تشامبرلين,,Chamberlain River,Chamberlain River,,Chamberlain River,,,,,,,,Chamberlain River,,,,Chamberlain River,,,,,,,,,7.5,8.5
0.150000000,River (Intermittent),13,0,,Thomson,,,1746286591,Q2428730,نهر طومسون,,Thomson River,Thomson River,Río Thomson,,,,,,,トムソン川,,,,,,Thompson River,,,,,,,دریائے تھامسن,,7.5,8.5
0.150000000,River (Intermittent),13,0,,Hope,,,1746286593,Q1627553,,,Hope River,Hope River,,,,,,,,,,,,,,,,,,,,,,,7.5,8.5
0.150000000,River (Intermittent),13,0,,Waterhouse,,,1746286595,Q2552558,,,Waterhouse River,Waterhouse River,,,,,,,,,,,,,,Waterhouse River,,,,,,,,,7.5,8.5
0.150000000,River (Intermittent),13,0,,Hay,,,1746286597,Q1519659,,,Hay River,Hay River,,,,,,,,,,,,,,,,,,,,,,,7.5,8.5
0.150000000,River (Intermittent),13,0,,Isdell,,,1746286599,Q14935823,,,,Isdell River,,,,,,,,,,,,,,Isdell River,,,,,,,,,7.5,8.5
0.200000000,River (Intermittent),13,0,,Isdell,,,1746286601,Q14935823,,,,Isdell River,,,,,,,,,,,,,,Isdell River,,,,,,,,,7.5,8.5
0.150000000,River (Intermittent),13,0,,Finke,,,1746286603,Q1417383,,,Finke River,Finke River,,Finke River,,,,,,フィンク川,,Finke River,Finke,,Финке,Finke River,,,,رودخانه فینکی,,Фінк,,,7.5,8.5
0.150000000,River (Intermittent),13,0,,Bulloo,,,1746286607,Q4997008,,,Bullo River,Bulloo River,,,,,,,,,,,,,,Bulloo River,,,,,,,,,7.5,8.5
0.150000000,River (Intermittent),13,0,,Yule,,,1746286609,Q1798201,,,Yule River,Yule River,,Yule River,,,,,,,,Yule River,,,,Yule River,,,,,,,,,7.5,8.5
0.200000000,River (Intermittent),13,0,,Yule,,,1746286611,Q1798201,,,Yule River,Yule River,,Yule River,,,,,,,,Yule River,,,,Yule River,,,,,,,,,7.5,8.5
0.150000000,River (Intermittent),13,0,,Lort,,,1746286613,Q6681754,,,,Lort River,,,,,,,,ロート川,,Lort,,,,Lort River,,,,,,,,,7.5,8.5
0.200000000,River (Intermittent),13,0,,Lort,,,1746286615,Q6681754,,,,Lort River,,,,,,,,ロート川,,Lort,,,,Lort River,,,,,,,,,7.5,8.5
0.150000000,River (Intermittent),13,0,,Staaten,,,1746286617,Q7595685,,,Staaten River,Staaten River,,,,,,,,,,,,,,Staaten River,,,,,,,,,7.5,8.5
0.200000000,River (Intermittent),13,0,,Staaten,,,1746286619,Q7595685,,,Staaten River,Staaten River,,,,,,,,,,,,,,Staaten River,,,,,,,,,7.5,8.5
0.150000000,River (Intermittent),13,0,,Sturt,Sturt Creek,,1746286621,,,,,,,,,,,,,,,,,,,,,,,,,,,,7.5,8.5
0.150000000,River (Intermittent),13,0,,Hamilton,,,1746286625,Q1573511,,,Hamilton River,Hamilton River,,,,,,,,,,,,,,Hamilton River,,,,,,,,,7.5,8.5
0.150000000,River (Intermittent),13,0,,Paroo,,,1746286627,Q1628056,,,Paroo River,Paroo River,Río Paroo,Paroo River,,,,,,,,Paroo River,,,,Paroo River,,,,,,,,,7.5,8.5
0.200000000,River (Intermittent),13,0,,Cloncurry,,,1746286629,Q1102194,,,Cloncurry River,Cloncurry River,,,,,,,,クロンカリー川,,,,,,Cloncurry River,,,,,,,,,7.5,8.5
0.150000000,River (Intermittent),13,0,,Cloncurry,,,1746286631,Q1102194,,,Cloncurry River,Cloncurry River,,,,,,,,クロンカリー川,,,,,,Cloncurry River,,,,,,,,,7.5,8.5
0.200000000,River (Intermittent),13,0,,Cloncurry,,,1746286633,Q1102194,,,Cloncurry River,Cloncurry River,,,,,,,,クロンカリー川,,,,,,Cloncurry River,,,,,,,,,7.5,8.5
0.200000000,River (Intermittent),13,0,,Margaret,,,1746286635,Q1894889,,,Margaret River,Margaret River,,,,,Margaret-folyó,,,,,Margaret,,,,Margaret River,,,,,,,,,7.5,8.5
0.200000000,River (Intermittent),13,0,,Margaret,,,1746286637,Q1894889,,,Margaret River,Margaret River,,,,,Margaret-folyó,,,,,Margaret,,,,Margaret River,,,,,,,,,7.5,8.5
0.150000000,River (Intermittent),13,0,,Margaret,,,1746286639,Q1894889,,,Margaret River,Margaret River,,,,,Margaret-folyó,,,,,Margaret,,,,Margaret River,,,,,,,,,7.5,8.5
0.150000000,River (Intermittent),13,0,,Savory,Savory Creek,,1746286643,,,,,,,,,,,,,,,,,,,,,,,,,,,,7.5,8.5
0.200000000,River (Intermittent),13,0,,Lyons,,,1746286645,Q1645317,,,Lyons River,Lyons River,,,,,,,,,,Lyons,,,,Lyons River,,,,,,,,,7.5,8.5
0.150000000,River (Intermittent),13,0,,Lyons,,,1746286647,Q1645317,,,Lyons River,Lyons River,,,,,,,,,,Lyons,,,,Lyons River,,,,,,,,,7.5,8.5
0.250000000,River,13,0,,Staaten,,,1746286649,Q7595685,,,Staaten River,Staaten River,,,,,,,,,,,,,,Staaten River,,,,,,,,,7.5,8.5
0.250000000,River,13,0,,Bynoe,,,1746286651,Q1018550,,,Bynoe River,Bynoe River,,,,,,,,,,,,,,Bynoe River,,,,,,,,,7.5,8.5
0.250000000,River,13,0,,Chamberlain,,,1746286653,Q1060661,نهر تشامبرلين,,Chamberlain River,Chamberlain River,,Chamberlain River,,,,,,,,Chamberlain River,,,,Chamberlain River,,,,,,,,,7.5,8.5
0.250000000,River,13,0,,Isdell,,,1746286655,Q14935823,,,,Isdell River,,,,,,,,,,,,,,Isdell River,,,,,,,,,7.5,8.5
0.250000000,River,13,0,,Wilton,,,1746286657,Q2582659,,,Wilton River,Wilton River,,,,,,,,,,,,,,Wilton River,,,,,,,,,7.5,8.5
0.250000000,River,13,0,,Hodgson,,,1746286661,Q1468954,,,Hodgson River,Hodgson River,,,,,,,,,,,,,,Hodgson River,,,,,,,,,7.5,8.5
0.150000000,River (Intermittent),12,0,,Macumba,,,1746286663,Q1883060,,,Macumba River,Macumba River,,,,,,,,,,,,,,Macumba River,,,,,,,,,7.0,8.0
0.150000000,River (Intermittent),12,0,,Eyre,Eyre Creek,,1746286665,Q1385883,,,Eyre Creek,Eyre Creek,,,,,,,,,,,,,,Eyre Creek,,,,,,,,,7.0,8.0
0.150000000,River (Intermittent),12,0,,Ranken,,,1746286667,Q2131039,,,Ranken River,Ranken River,,,,,,,,,,,,,,Ranken River,,,,,,,,,7.0,8.0
0.150000000,River (Intermittent),12,0,,Warburton,,,1746286669,Q956882,,,Warburton River,Warburton River,Río Warburton,Warburton,,,,,,,,Warburton River,,Warburton Creek,Уорбертон,Warburton Creek,,,沃伯顿河,,נהר וורברטון,Ворбертон,,沃伯頓河,7.0,8.0
0.150000000,River (Intermittent),12,0,,Georgina,,,1746286671,Q1509393,نهر جورجينا,,Georgina River,Georgina River,Río Georgina,Georgina River,,,,,,,,Georgina River,Georgina,Rio Georgina,Джорджина,Georgina River,,,乔治娜河,,,,,喬治娜河,7.0,8.0
0.150000000,River (Intermittent),12,0,,Diamantina,,,1746286673,Q1208608,نهر ديامانتينا,,Diamantina River,Diamantina River,Río Diamantina,Diamantina,,,,Sungai Diamantina,,,,,Diamantina,,Дайамантина,Diamantina River,,,,,נהר דיאמנטינה,Даямантіна,,,7.0,8.0
0.150000000,River (Intermittent),12,0,,Cooper,Cooper Creek,,1746286675,Q432278,نهر كوبر كريك,,Cooper Creek,Cooper Creek,Río Cooper,Cooper Creek,Κούπερ Κρικ,,,,Cooper Creek,,,Cooper Creek,Cooper Creek,Cooper Creek,Купер-Крик,Cooper Creek,,,庫柏河,,קופר קריק,Купер-Крік,,庫柏河,7.0,8.0
0.150000000,River (Intermittent),12,0,,Cooper,Cooper Creek,,1746286679,Q432278,نهر كوبر كريك,,Cooper Creek,Cooper Creek,Río Cooper,Cooper Creek,Κούπερ Κρικ,,,,Cooper Creek,,,Cooper Creek,Cooper Creek,Cooper Creek,Купер-Крик,Cooper Creek,,,庫柏河,,קופר קריק,Купер-Крік,,庫柏河,7.0,8.0
0.150000000,River (Intermittent),12,0,,Cooper,Cooper Creek,,1746286681,Q432278,نهر كوبر كريك,,Cooper Creek,Cooper Creek,Río Cooper,Cooper Creek,Κούπερ Κρικ,,,,Cooper Creek,,,Cooper Creek,Cooper Creek,Cooper Creek,Купер-Крик,Cooper Creek,,,庫柏河,,קופר קריק,Купер-Крік,,庫柏河,7.0,8.0
0.150000000,River (Intermittent),12,0,,Cooper,Cooper Creek,,1746286683,Q432278,نهر كوبر كريك,,Cooper Creek,Cooper Creek,Río Cooper,Cooper Creek,Κούπερ Κρικ,,,,Cooper Creek,,,Cooper Creek,Cooper Creek,Cooper Creek,Купер-Крик,Cooper Creek,,,庫柏河,,קופר קריק,Купер-Крік,,庫柏河,7.0,8.0
0.150000000,River (Intermittent),12,0,,Cooper,Cooper Creek,,1746286685,Q432278,نهر كوبر كريك,,Cooper Creek,Cooper Creek,Río Cooper,Cooper Creek,Κούπερ Κρικ,,,,Cooper Creek,,,Cooper Creek,Cooper Creek,Cooper Creek,Купер-Крик,Cooper Creek,,,庫柏河,,קופר קריק,Купер-Крік,,庫柏河,7.0,8.0
0.150000000,River (Intermittent),12,0,,Cooper,Cooper Creek,,1746286687,Q432278,نهر كوبر كريك,,Cooper Creek,Cooper Creek,Río Cooper,Cooper Creek,Κούπερ Κρικ,,,,Cooper Creek,,,Cooper Creek,Cooper Creek,Cooper Creek,Купер-Крик,Cooper Creek,,,庫柏河,,קופר קריק,Купер-Крік,,庫柏河,7.0,8.0
0.150000000,River (Intermittent),12,0,,Cooper,Cooper Creek,,1746286689,Q432278,نهر كوبر كريك,,Cooper Creek,Cooper Creek,Río Cooper,Cooper Creek,Κούπερ Κρικ,,,,Cooper Creek,,,Cooper Creek,Cooper Creek,Cooper Creek,Купер-Крик,Cooper Creek,,,庫柏河,,קופר קריק,Купер-Крік,,庫柏河,7.0,8.0
0.150000000,River (Intermittent),12,0,,Cooper,Cooper Creek,,1746286691,Q432278,نهر كوبر كريك,,Cooper Creek,Cooper Creek,Río Cooper,Cooper Creek,Κούπερ Κρικ,,,,Cooper Creek,,,Cooper Creek,Cooper Creek,Cooper Creek,Купер-Крик,Cooper Creek,,,庫柏河,,קופר קריק,Купер-Крік,,庫柏河,7.0,8.0
0.150000000,River (Intermittent),12,0,,Cooper,Cooper Creek,,1746286693,Q432278,نهر كوبر كريك,,Cooper Creek,Cooper Creek,Río Cooper,Cooper Creek,Κούπερ Κρικ,,,,Cooper Creek,,,Cooper Creek,Cooper Creek,Cooper Creek,Купер-Крик,Cooper Creek,,,庫柏河,,קופר קריק,Купер-Крік,,庫柏河,7.0,8.0
0.150000000,River (Intermittent),12,0,,Cooper,Cooper Creek,,1746286697,Q432278,نهر كوبر كريك,,Cooper Creek,Cooper Creek,Río Cooper,Cooper Creek,Κούπερ Κρικ,,,,Cooper Creek,,,Cooper Creek,Cooper Creek,Cooper Creek,Купер-Крик,Cooper Creek,,,庫柏河,,קופר קריק,Купер-Крік,,庫柏河,7.0,8.0
0.150000000,River (Intermittent),12,0,,Cooper,Cooper Creek,,1746286699,Q432278,نهر كوبر كريك,,Cooper Creek,Cooper Creek,Río Cooper,Cooper Creek,Κούπερ Κρικ,,,,Cooper Creek,,,Cooper Creek,Cooper Creek,Cooper Creek,Купер-Крик,Cooper Creek,,,庫柏河,,קופר קריק,Купер-Крік,,庫柏河,7.0,8.0
0.150000000,River (Intermittent),12,0,,Cooper,Cooper Creek,,1746286701,Q432278,نهر كوبر كريك,,Cooper Creek,Cooper Creek,Río Cooper,Cooper Creek,Κούπερ Κρικ,,,,Cooper Creek,,,Cooper Creek,Cooper Creek,Cooper Creek,Купер-Крик,Cooper Creek,,,庫柏河,,קופר קריק,Купер-Крік,,庫柏河,7.0,8.0
0.150000000,River (Intermittent),12,0,,Cooper,Cooper Creek,,1746286703,Q432278,نهر كوبر كريك,,Cooper Creek,Cooper Creek,Río Cooper,Cooper Creek,Κούπερ Κρικ,,,,Cooper Creek,,,Cooper Creek,Cooper Creek,Cooper Creek,Купер-Крик,Cooper Creek,,,庫柏河,,קופר קריק,Купер-Крік,,庫柏河,7.0,8.0
0.150000000,River (Intermittent),12,0,,Barcoo,,,1746286705,Q807973,نهر باركو,,Barcoo River,Barcoo River,Barcoo,Barcoo,,,,,,,,Barcoo River,,Rio Barcoo,Барку,Cooper Creek,,,巴库河,,,Барку,,巴庫河,7.0,8.0
0.150000000,River (Intermittent),12,0,,Cooper,Cooper Creek,,1746286707,Q432278,نهر كوبر كريك,,Cooper Creek,Cooper Creek,Río Cooper,Cooper Creek,Κούπερ Κρικ,,,,Cooper Creek,,,Cooper Creek,Cooper Creek,Cooper Creek,Купер-Крик,Cooper Creek,,,庫柏河,,קופר קריק,Купер-Крік,,庫柏河,7.0,8.0
0.150000000,River (Intermittent),12,0,,Cooper,Cooper Creek,,1746286709,Q432278,نهر كوبر كريك,,Cooper Creek,Cooper Creek,Río Cooper,Cooper Creek,Κούπερ Κρικ,,,,Cooper Creek,,,Cooper Creek,Cooper Creek,Cooper Creek,Купер-Крик,Cooper Creek,,,庫柏河,,קופר קריק,Купер-Крік,,庫柏河,7.0,8.0
0.150000000,River (Intermittent),12,0,,Cooper,Cooper Creek,,1746286711,Q432278,نهر كوبر كريك,,Cooper Creek,Cooper Creek,Río Cooper,Cooper Creek,Κούπερ Κρικ,,,,Cooper Creek,,,Cooper Creek,Cooper Creek,Cooper Creek,Купер-Крик,Cooper Creek,,,庫柏河,,קופר קריק,Купер-Крік,,庫柏河,7.0,8.0
0.150000000,River (Intermittent),12,0,,Pallinup,,,1746286715,Q735605,,,,Pallinup River,,,,,Pallinup,,,,,,,,,Pallinup River,,,,,,,,,7.0,8.0
0.200000000,River (Intermittent),12,0,,Pallinup,,,1746286717,Q735605,,,,Pallinup River,,,,,Pallinup,,,,,,,,,Pallinup River,,,,,,,,,7.0,8.0
0.200000000,River (Intermittent),12,0,,Fortescue,,,1746286719,Q1438963,,,Fortescue River,Fortescue River,,Fortescue River,,,,,,フォーテスキュー川,,Fortescue River,Fortescue,,Фортескью,Fortescue River,,,,,,Фортеск'ю,,,7.0,8.0
0.150000000,River (Intermittent),12,0,,Fortescue,,,1746286721,Q1438963,,,Fortescue River,Fortescue River,,Fortescue River,,,,,,フォーテスキュー川,,Fortescue River,Fortescue,,Фортескью,Fortescue River,,,,,,Фортеск'ю,,,7.0,8.0
0.150000000,River (Intermittent),12,0,,Lyndon,,,1746286723,,,,,,,,,,,,,,,,,,,,,,,,,,,,7.0,8.0
0.200000000,River (Intermittent),12,0,,Lyndon,,,1746286725,,,,,,,,,,,,,,,,,,,,,,,,,,,,7.0,8.0
0.200000000,River (Intermittent),12,0,,Gascoyne,,,1746286727,Q1495089,,,Gascoyne River,Gascoyne River,,Gascoyne,,,,,,ガスコイン川,,Gascoyne,Gascoyne,,Гаскойн,Gascoyne River,,,,رودخانه گسکوین,,Гаскойн,,,7.0,8.0
0.150000000,River (Intermittent),12,0,,Gascoyne,,,1746286729,Q1495089,,,Gascoyne River,Gascoyne River,,Gascoyne,,,,,,ガスコイン川,,Gascoyne,Gascoyne,,Гаскойн,Gascoyne River,,,,رودخانه گسکوین,,Гаскойн,,,7.0,8.0
0.200000000,River (Intermittent),12,0,,Greenough,,,1746286733,Q5604378,,,,Greenough River,,,,,,,,,,Greenough,,,,Greenough River,,,,گریناف ریور,,,,,7.0,8.0
0.150000000,River (Intermittent),12,0,,Greenough,,,1746286735,Q5604378,,,,Greenough River,,,,,,,,,,Greenough,,,,Greenough River,,,,گریناف ریور,,,,,7.0,8.0
0.200000000,River (Intermittent),12,0,,Gascoyne,,,1746286737,Q1495089,,,Gascoyne River,Gascoyne River,,Gascoyne,,,,,,ガスコイン川,,Gascoyne,Gascoyne,,Гаскойн,Gascoyne River,,,,رودخانه گسکوین,,Гаскойн,,,7.0,8.0
0.200000000,River (Intermittent),12,0,,Wooramel,,,1746286739,Q15629833,,,,Wooramel River,,,,,,,,,,Wooramel,,,,Wooramel River,,,沃拉莫尔河,,,,,沃拉莫尔河,7.0,8.0
0.150000000,River (Intermittent),12,0,,Wooramel,,,1746286741,Q15629833,,,,Wooramel River,,,,,,,,,,Wooramel,,,,Wooramel River,,,沃拉莫尔河,,,,,沃拉莫尔河,7.0,8.0
0.200000000,River (Intermittent),12,0,,May,,,1746286743,Q6796582,,,,May River,,,,,,,,,,May,,,,May River,,,,,,,,,7.0,8.0
0.200000000,River (Intermittent),12,0,,May,,,1746286745,Q6796582,,,,May River,,,,,,,,,,May,,,,May River,,,,,,,,,7.0,8.0
0.150000000,River (Intermittent),12,0,,May,,,1746286747,Q6796582,,,,May River,,,,,,,,,,May,,,,May River,,,,,,,,,7.0,8.0
0.150000000,River (Intermittent),12,0,,Hann,,,1746286751,Q1575650,,,Hann River,Hann River,,,,,,,,,,Hann,,,,,,,,,,,,,7.0,8.0
0.250000000,River,12,0,,May,,,1746286753,Q6796582,,,,May River,,,,,,,,,,May,,,,May River,,,,,,,,,7.0,8.0
0.150000000,River (Intermittent),12,0,,Durack,,,1746286755,Q1266699,,,Durack River,Durack River,,,,,,,,,,Durack,,,,Durack River,,,,,,,,,7.0,8.0
0.200000000,River (Intermittent),12,0,,Durack,,,1746286757,Q1266699,,,Durack River,Durack River,,,,,,,,,,Durack,,,,Durack River,,,,,,,,,7.0,8.0
0.250000000,River,12,0,,Durack,,,1746286759,Q1266699,,,Durack River,Durack River,,,,,,,,,,Durack,,,,Durack River,,,,,,,,,7.0,8.0
0.150000000,River (Intermittent),12,0,,Palm,,,1746286761,,,,,,,,,,,,,,,,,,,,,,,,,,,,7.0,8.0
0.150000000,River (Intermittent),12,0,,Fitzmaurice,,,1746286763,Q5455661,,,,Fitzmaurice River,,,,,,,,,,,,,,Fitzmaurice River,,,,,,,,,7.0,8.0
0.200000000,River (Intermittent),12,0,,Fitzmaurice,,,1746286765,Q5455661,,,,Fitzmaurice River,,,,,,,,,,,,,,Fitzmaurice River,,,,,,,,,7.0,8.0
0.200000000,River (Intermittent),12,0,,King,,,1746286769,Q1000787,نهر الملك,,King River,King River,,,,,,,,,,,,,,,,,,,,,,,7.0,8.0
0.200000000,River (Intermittent),12,0,,Dry,,,1746286771,Q1261569,النهر الجاف,,Dry River,Dry River,,,,,,,,,,,,,,,,,,,,,,,7.0,8.0
0.150000000,River (Intermittent),12,0,,Dry,,,1746286773,Q1261569,النهر الجاف,,Dry River,Dry River,,,,,,,,,,,,,,,,,,,,,,,7.0,8.0
0.150000000,River (Intermittent),12,0,,West Baines,,,1746286775,Q2564142,,,West Baines River,West Baines River,,,,,,,,ウェスト・ベインズ川,,,,,,West Baines River,,,,,,,,,7.0,8.0
0.200000000,River (Intermittent),12,0,,West Baines,,,1746286777,Q2564142,,,West Baines River,West Baines River,,,,,,,,ウェスト・ベインズ川,,,,,,West Baines River,,,,,,,,,7.0,8.0
0.250000000,River,12,0,,West Baines,,,1746286779,Q2564142,,,West Baines River,West Baines River,,,,,,,,ウェスト・ベインズ川,,,,,,West Baines River,,,,,,,,,7.0,8.0
0.250000000,River,12,0,,Fitzmaurice,,,1746286781,Q5455661,,,,Fitzmaurice River,,,,,,,,,,,,,,Fitzmaurice River,,,,,,,,,7.0,8.0
0.150000000,River (Intermittent),12,0,,Birdum,Birdum Creek,,1746286783,,,,,,,,,,,,,,,,,,,,,,,,,,,,7.0,8.0
0.200000000,River (Intermittent),12,0,,Birdum,Birdum Creek,,1746286787,,,,,,,,,,,,,,,,,,,,,,,,,,,,7.0,8.0
0.200000000,River (Intermittent),12,0,,Elsey,Elsey Creek,,1746286789,,,,,,,,,,,,,,,,,,,,,,,,,,,,7.0,8.0
0.150000000,River (Intermittent),12,0,,Wilton,,,1746286791,Q2582659,,,Wilton River,Wilton River,,,,,,,,,,,,,,Wilton River,,,,,,,,,7.0,8.0
0.200000000,River (Intermittent),12,0,,Wilton,,,1746286793,Q2582659,,,Wilton River,Wilton River,,,,,,,,,,,,,,Wilton River,,,,,,,,,7.0,8.0
0.200000000,River (Intermittent),12,0,,McArthur,,,1746286795,Q6799987,,,,McArthur River,Río McArthur,,,,,,,マッカーサー・リバー,,McArthurrivier,,,Макартур,McArthur River,,,麦克阿瑟河,,,,,麥克阿瑟河,7.0,8.0
0.150000000,River (Intermittent),12,0,,McArthur,,,1746286797,Q6799987,,,,McArthur River,Río McArthur,,,,,,,マッカーサー・リバー,,McArthurrivier,,,Макартур,McArthur River,,,麦克阿瑟河,,,,,麥克阿瑟河,7.0,8.0
0.200000000,River (Intermittent),12,0,,Limmen Bight,,,1746286799,Q21889126,,,,Limmen Bight River,,,,,,,,,,,,Rio Limmen Byght,,Limmen Bight River,,,,,,,,,7.0,8.0
0.150000000,River (Intermittent),12,0,,Limmen Bight,,,1746286801,Q21889126,,,,Limmen Bight River,,,,,,,,,,,,Rio Limmen Byght,,Limmen Bight River,,,,,,,,,7.0,8.0
0.150000000,River (Intermittent),12,0,,Norman,,,1746286805,Q31840,نهر نورمان,,Norman River,Norman River,,Norman,,,,,,ノーマン川,,Norman River,,,Норман,Norman River,,,,,,,,,7.0,8.0
0.200000000,River (Intermittent),12,0,,Norman,,,1746286807,Q31840,نهر نورمان,,Norman River,Norman River,,Norman,,,,,,ノーマン川,,Norman River,,,Норман,Norman River,,,,,,,,,7.0,8.0
0.200000000,River (Intermittent),12,0,,Gregory,,,1746286809,Q1509122,,,Gregory River,Gregory River,,,,,,,,,,,,,Грегори,Gregory River,,,,,,,,,7.0,8.0
0.150000000,River (Intermittent),12,0,,Gregory,,,1746286811,Q21912222,,,Gregory River,Gregory River,,,,,,,,,,,,,,Gregory River,,,,,,,,,7.0,8.0
0.200000000,River (Intermittent),12,0,,Calvert,,,1746286813,Q5024277,,,,Calvert River,,,,,,,,,,,,,,Calvert River,,,卡爾弗特河,,,,,卡爾弗特河,7.0,8.0
0.150000000,River (Intermittent),12,0,,Calvert,,,1746286815,Q5024277,,,,Calvert River,,,,,,,,,,,,,,Calvert River,,,卡爾弗特河,,,,,卡爾弗特河,7.0,8.0
0.250000000,River,12,0,,Norman,,,1746286817,Q31840,نهر نورمان,,Norman River,Norman River,,Norman,,,,,,ノーマン川,,Norman River,,,Норман,Norman River,,,,,,,,,7.0,8.0
0.250000000,River,12,0,,Calvert,,,1746286819,Q5024277,,,,Calvert River,,,,,,,,,,,,,,Calvert River,,,卡爾弗特河,,,,,卡爾弗特河,7.0,8.0
0.250000000,River,12,0,,McArthur,,,1746286823,Q6799987,,,,McArthur River,Río McArthur,,,,,,,マッカーサー・リバー,,McArthurrivier,,,Макартур,McArthur River,,,麦克阿瑟河,,,,,麥克阿瑟河,7.0,8.0
0.250000000,River,12,0,,Limmen Bight,,,1746286825,Q21889126,,,,Limmen Bight River,,,,,,,,,,,,Rio Limmen Byght,,Limmen Bight River,,,,,,,,,7.0,8.0
0.150000000,River (Intermittent),12,0,,Walsh,,,1746286827,Q2543270,,,Walsh River,Walsh River,,,,,,,,,,,,,,,,,,,,,,,7.0,8.0
0.200000000,River (Intermittent),12,0,,Walsh,,,1746286829,Q2543270,,,Walsh River,Walsh River,,,,,,,,,,,,,,,,,,,,,,,7.0,8.0
0.200000000,River (Intermittent),12,0,,Einasleigh,,,1746286831,Q1305975,,,Einasleigh River,Gilbert-Einasleigh River,,,,,,,,ギルバート川,,,,,,Einasleigh River,,,艾恩斯利河,,,,,艾恩斯利河,7.0,8.0
0.150000000,River (Intermittent),12,0,,Einasleigh,,,1746286833,Q1305975,,,Einasleigh River,Gilbert-Einasleigh River,,,,,,,,ギルバート川,,,,,,Einasleigh River,,,艾恩斯利河,,,,,艾恩斯利河,7.0,8.0
0.200000000,River (Intermittent),12,0,,Coleman,,,1746286835,Q1108083,,,Coleman River,Coleman River,,,,,,,,,,,,,,Coleman River,,,,,,,,,7.0,8.0
0.150000000,River (Intermittent),12,0,,Coleman,,,1746286837,Q1108083,,,Coleman River,Coleman River,,,,,,,,,,,,,,Coleman River,,,,,,,,,7.0,8.0
0.150000000,River (Intermittent),12,0,,Archer,,,1746286841,Q4785970,نهر آرتشر,,,Archer River,,,,,,,,,,,,,Арчер,Archer River,,,,,,,,,7.0,8.0
0.200000000,River (Intermittent),12,0,,Archer,,,1746286843,Q4785970,نهر آرتشر,,,Archer River,,,,,,,,,,,,,Арчер,Archer River,,,,,,,,,7.0,8.0
0.250000000,River,12,0,,Archer,,,1746286845,Q4785970,نهر آرتشر,,,Archer River,,,,,,,,,,,,,Арчер,Archer River,,,,,,,,,7.0,8.0
0.250000000,River,12,0,,Coleman,,,1746286847,Q1108083,,,Coleman River,Coleman River,,,,,,,,,,,,,,Coleman River,,,,,,,,,7.0,8.0
0.150000000,River (Intermittent),12,0,,Native Companion,Native Companion Creek,,1746286849,,,,,,,,,,,,,,,,,,,,,,,,,,,,7.0,8.0
0.150000000,River (Intermittent),12,0,,Alpha,,,1746286851,,,,,,,,,,,,,,,,,,,,,,,,,,,,7.0,8.0
0.200000000,,12,0,,Nogoa,,,1746286853,Q1995453,,,Nogoa River,Nogoa River,,Nogoa River,,,,,,,,Nogoa River,,,,Nogoa River,,,,,,,,,7.0,8.0
0.150000000,River (Intermittent),12,0,,Isaac,,,1746286855,Q1673439,,,Isaac River,Isaac River,,,,,,,,,,,,,,Isaac River,,,,,נהר איזק,,,,7.0,8.0
0.200000000,River (Intermittent),12,0,,Isaac,,,1746286859,Q1673439,,,Isaac River,Isaac River,,,,,,,,,,,,,,Isaac River,,,,,נהר איזק,,,,7.0,8.0
0.200000000,River (Intermittent),12,0,,Nogoa,,,1746286861,Q1995453,,,Nogoa River,Nogoa River,,Nogoa River,,,,,,,,Nogoa River,,,,Nogoa River,,,,,,,,,7.0,8.0
0.150000000,River (Intermittent),12,0,,Nogoa,,,1746286863,Q1995453,,,Nogoa River,Nogoa River,,Nogoa River,,,,,,,,Nogoa River,,,,Nogoa River,,,,,,,,,7.0,8.0
0.200000000,River (Intermittent),12,0,,Nogoa,,,1746286865,Q1995453,,,Nogoa River,Nogoa River,,Nogoa River,,,,,,,,Nogoa River,,,,Nogoa River,,,,,,,,,7.0,8.0
0.150000000,River (Intermittent),12,0,,Maranoa,,,1746286867,Q1892287,,,Maranoa River,Maranoa River,,Maranoa,,,,,,,,Maranoa River,,,,Maranoa River,,,,,,,,,7.0,8.0
0.200000000,River (Intermittent),12,0,,Maranoa,,,1746286869,Q1892287,,,Maranoa River,Maranoa River,,Maranoa,,,,,,,,Maranoa River,,,,Maranoa River,,,,,,,,,7.0,8.0
0.150000000,River (Intermittent),12,0,,Auburn,,,1746286871,Q758554,,,Auburn River,Auburn River,,,,,,,,,,,,,,Auburn River,,,,,,,,,7.0,8.0
0.200000000,River (Intermittent),12,0,,Auburn,,,1746286873,Q758554,,,Auburn River,Auburn River,,,,,,,,,,,,,,Auburn River,,,,,,,,,7.0,8.0
0.150000000,River (Intermittent),12,0,,Boyne,,,1746286877,Q17521689,,,Boyne River,Boyne River,,,,,,,,,,,,,,,,,,,,,,,7.0,8.0
0.200000000,River (Intermittent),12,0,,Boyne,,,1746286879,Q17521689,,,Boyne River,Boyne River,,,,,,,,,,,,,,,,,,,,,,,7.0,8.0
0.200000000,River (Intermittent),12,0,,Goulburn,,,1746286881,Q1540147,,,Goulburn River,Goulburn River,,Goulburn,,,,,,ゴールバーン川,,Goulburn,,,,Goulburn River,,,,,,Гоулберн,,,7.0,8.0
0.150000000,River (Intermittent),12,0,,Goulburn,,,1746286883,Q1540147,,,Goulburn River,Goulburn River,,Goulburn,,,,,,ゴールバーン川,,Goulburn,,,,Goulburn River,,,,,,Гоулберн,,,7.0,8.0
0.150000000,River,12,0,,Snowy,,,1746286885,Q498876,,,Snowy River,Snowy River,Río Snowy,Snowy River,,,,,,スノーウィー川,,Snowy River,,Rio Nevado,Сноуи-Ривер,Snowy River,,,雪河,,,Сноуі-Рівер,,雪河,7.0,8.0
0.200000000,River (Intermittent),12,0,,Culgoa,,,1746286887,Q1143406,,,Culgoa River,Culgoa River,,Culgoa River,,,,,,,,Culgoa River,,,,Culgoa River,Culgoa Nehri,,卡尔戈阿河,,,,,卡爾戈阿河,7.0,8.0
0.200000000,River (Intermittent),12,0,,Nebine,Nebine Creek,,1746286889,,,,,,,,,,,,,,,,,,,,,,,,,,,,7.0,8.0
0.150000000,River (Intermittent),12,0,,Nebine,Nebine Creek,,1746286891,,,,,,,,,,,,,,,,,,,,,,,,,,,,7.0,8.0
0.150000000,River (Intermittent),12,0,,Holroyd,,,1746286895,Q21909354,,,,Holroyd River,,,,,,,,,,,,,,Holroyd River,,,,,,,,,7.0,8.0
0.200000000,River (Intermittent),12,0,,Holroyd,,,1746286897,Q21909354,,,,Holroyd River,,,,,,,,,,,,,,Holroyd River,,,,,,,,,7.0,8.0
0.250000000,River,12,0,,Holroyd,,,1746286899,Q21909354,,,,Holroyd River,,,,,,,,,,,,,,Holroyd River,,,,,,,,,7.0,8.0
0.150000000,River (Intermittent),12,0,,Gwydir,,,1746286901,Q1557916,,,Gwydir River,Gwydir River,Río Gwydir,Gwydir River,,,,,,,,Gwydir River,,,,Gwydir River,,,,,,,,,7.0,8.0
0.200000000,River (Intermittent),12,0,,Gwydir,,,1746286903,Q1557916,,,Gwydir River,Gwydir River,Río Gwydir,Gwydir River,,,,,,,,Gwydir River,,,,Gwydir River,,,,,,,,,7.0,8.0
0.200000000,River,12,0,,Gwydir,,,1746286905,Q1557916,,,Gwydir River,Gwydir River,Río Gwydir,Gwydir River,,,,,,,,Gwydir River,,,,Gwydir River,,,,,,,,,7.0,8.0
0.200000000,River (Intermittent),12,0,,Castlereagh,,,1746286907,Q573796,نهر كاسلرا,,Castlereagh River,Castlereagh River,,Castlereagh River,,,,,,カースルレイ川,,Castlereagh River,Castlereagh River,,,Castlereagh River,,,卡斯爾雷河,,,,,卡斯爾雷河,7.0,8.0
0.150000000,River (Intermittent),12,0,,Castlereagh,,,1746286909,Q573796,نهر كاسلرا,,Castlereagh River,Castlereagh River,,Castlereagh River,,,,,,カースルレイ川,,Castlereagh River,Castlereagh River,,,Castlereagh River,,,卡斯爾雷河,,,,,卡斯爾雷河,7.0,8.0
0.200000000,River (Intermittent),12,0,,Mary,,,1746286913,Q1700323,,,Mary River,Mary River,,,,,Mary-folyó,,,,,Mary River,,,,,,,,,,,,,7.0,8.0
0.150000000,River (Intermittent),12,0,,Mary,,,1746286915,Q1700323,,,Mary River,Mary River,,,,,Mary-folyó,,,,,Mary River,,,,,,,,,,,,,7.0,8.0
0.150000000,River (Intermittent),12,0,,East Alligator,,,1746286917,,,,,,,,,,,,,,,,,,,,,,,,,,,,7.0,8.0
0.200000000,River (Intermittent),12,0,,East Alligator,,,1746286919,,,,,,,,,,,,,,,,,,,,,,,,,,,,7.0,8.0
0.250000000,River,12,0,,Sampan,Sampan Creek,,1746286921,,,,,,,,,,,,,,,,,,,,,,,,,,,,7.0,8.0
0.250000000,River,12,0,,Mary,,,1746286923,Q1700323,,,Mary River,Mary River,,,,,Mary-folyó,,,,,Mary River,,,,,,,,,,,,,7.0,8.0
0.250000000,River,12,0,,East Alligator,,,1746286925,,,,,,,,,,,,,,,,,,,,,,,,,,,,7.0,8.0
0.200000000,River (Intermittent),12,0,,Leichhardt,,,1746286927,Q538444,,,Leichhardt River,Leichhardt River,,Leichhardt River,,,,,,ライカート川,,Leichhardt River,,,,Leichhardt River,,,,رود لیچهارد,,,,,7.0,8.0
0.150000000,River (Intermittent),12,0,,Leichhardt,,,1746286931,Q538444,,,Leichhardt River,Leichhardt River,,Leichhardt River,,,,,,ライカート川,,Leichhardt River,,,,Leichhardt River,,,,رود لیچهارد,,,,,7.0,8.0
0.250000000,River,12,0,,Leichhardt,,,1746286933,Q538444,,,Leichhardt River,Leichhardt River,,Leichhardt River,,,,,,ライカート川,,Leichhardt River,,,,Leichhardt River,,,,رود لیچهارد,,,,,7.0,8.0
0.200000000,River (Intermittent),12,0,,Condamine,,,1746286935,Q805500,نهر كوندامين,,Condamine River,Condamine River,,Condamine River,,,,,,,콘다민강,Condamine River,,,,Condamine River,Condamine Nehri,,康达迈恩河,,נהר קונדמין,,,康達邁恩河,7.0,8.0
0.150000000,River (Intermittent),12,0,,Condamine,,,1746286937,Q805500,نهر كوندامين,,Condamine River,Condamine River,,Condamine River,,,,,,,콘다민강,Condamine River,,,,Condamine River,Condamine Nehri,,康达迈恩河,,נהר קונדמין,,,康達邁恩河,7.0,8.0
0.200000000,River (Intermittent),12,0,,Balonne Minor,,,1746286939,,,,,,,,,,,,,,,,,,,,,,,,,,,,7.0,8.0
0.200000000,River (Intermittent),12,0,,Bokhara,,,1746286941,Q891220,نهر بخارى,,Bokhara River,Bokhara River,,Bokhara River,,,,,,,,Bokhara River,,,,Bokharra River,,,,,,,,,7.0,8.0
0.200000000,River (Intermittent),12,0,,Balonne,,,1746286943,Q14934759,,,Balonne River,Balonne River,,Balonne River,,,,,,,,,,,,Balonne River,Balonne Nehri,,巴龙内河,,,Балон,,巴龍內河,7.0,8.0
0.150000000,Lake Centerline,12,0,,McPartlan Pass Canal,,,1746286945,,,,,,,,,,,,,,,,,,,,,,,,,,,,7.0,8.0
0.150000000,Lake Centerline,12,0,,Florentine,,,1746286949,Q1151415,,,Florentine River,Florentine River,,Florentine,,,,,,,,Florentine River,,,,Florentine River,,,,,,,,,7.0,8.0
0.150000000,Lake Centerline,12,0,,Gordon,,,1746286951,Q1012142,,,Gordon River,Gordon River,,Gordon River,,,Gordon River,,,ゴードン川,,Gordon River,Gordon,,Гордон,Gordon River,,,戈登河,,,Гордон,,戈登河,7.0,8.0
0.150000000,River,12,0,,McPartlan Pass Canal,,,1746286953,,,,,,,,,,,,,,,,,,,,,,,,,,,,7.0,8.0
0.200000000,River,12,0,,Arthur,,,1746286955,Q711143,,,Arthur River,Arthur River,,Arthur River,,,,Sungai Arthur,,,,,,Arthur River,Артур,Arthur River,,,,,,Артур,,,7.0,8.0
0.150000000,River,12,0,,Arthur,,,1746286957,Q711143,,,Arthur River,Arthur River,,Arthur River,,,,Sungai Arthur,,,,,,Arthur River,Артур,Arthur River,,,,,,Артур,,,7.0,8.0
0.150000000,River,12,0,,King,,,1746286959,Q1742075,,,King River,King River,,,,,,,,,,,,,Кинг,,,,国王河,,נהר קינג,,,国王河,7.0,8.0
0.200000000,River,12,0,,King,,,1746286961,Q1742075,,,King River,King River,,,,,,,,,,,,,Кинг,,,,国王河,,נהר קינג,,,国王河,7.0,8.0
0.150000000,River,12,0,,Florentine,,,1746286963,Q1151415,,,Florentine River,Florentine River,,Florentine,,,,,,,,Florentine River,,,,Florentine River,,,,,,,,,7.0,8.0
0.200000000,River (Intermittent),11,0,,Adelaide,,,1746286967,Q354013,,,Adelaide River,Adelaide River,,Adelaide River,,,Adelaide-folyó,,,,,Adelaide River,,,Аделейд,Adelaide,Adelaide Nehri,,,,נהר אדלאידי,Аделаїда,,,6.7,7.7
0.150000000,River (Intermittent),11,0,,Adelaide,,,1746286969,Q354013,,,Adelaide River,Adelaide River,,Adelaide River,,,Adelaide-folyó,,,,,Adelaide River,,,Аделейд,Adelaide,Adelaide Nehri,,,,נהר אדלאידי,Аделаїда,,,6.7,7.7
0.200000000,River (Intermittent),11,0,,Murray,,,1746286971,Q1225655,,,Murray River,Murray River,,Murray,,,,,,,,Murray,,,,Murray River,,,,,,,,,6.7,7.7
0.200000000,River (Intermittent),11,0,,Williams,,,1746286973,Q2581256,,,Williams River,Williams River,,,,,,,,,,Williams,,,,Williams River,,,,,,,,,6.7,7.7
0.150000000,River (Intermittent),11,0,,Williams,,,1746286975,Q2581256,,,Williams River,Williams River,,,,,,,,,,Williams,,,,Williams River,,,,,,,,,6.7,7.7
0.150000000,River (Intermittent),11,0,,Ashburton,,,1746286977,Q724934,نهر أشبورتون,,Ashburton River,Ashburton River,Río Ashburton,Ashburton River,,,,,,アシュバートン川,,Ashburton River,Ashburton,,Ашбертон,Ashburton,,,,,,Ашбертон,,,6.7,7.7
0.200000000,River (Intermittent),11,0,,Ashburton,,,1746286979,Q724934,نهر أشبورتون,,Ashburton River,Ashburton River,Río Ashburton,Ashburton River,,,,,,アシュバートン川,,Ashburton River,Ashburton,,Ашбертон,Ashburton,,,,,,Ашбертон,,,6.7,7.7
0.150000000,River (Intermittent),11,0,,Warrego,,,1746286981,Q923232,,,Warrego River,Warrego River,,Warrego,,,,,,,,Warrego River,Warrego,,Уоррего,Warrego River,,,,,ווארגו,Ворреґо,,,6.7,7.7
0.200000000,River (Intermittent),11,0,,Warrego,,,1746286985,Q923232,,,Warrego River,Warrego River,,Warrego,,,,,,,,Warrego River,Warrego,,Уоррего,Warrego River,,,,,ווארגו,Ворреґо,,,6.7,7.7
0.150000000,River (Intermittent),11,0,,Belyando,,,1746286987,Q816304,نهر بيلياندو,,Belyando River,Belyando River,,Belyando River,,,,,,,,Belyando River,,,,Belyando River,,,,,,,,,6.7,7.7
0.150000000,River (Intermittent),11,0,,Belyando,,,1746286989,Q816304,نهر بيلياندو,,Belyando River,Belyando River,,Belyando River,,,,,,,,Belyando River,,,,Belyando River,,,,,,,,,6.7,7.7
0.200000000,River (Intermittent),11,0,,Belyando,,,1746286991,Q816304,نهر بيلياندو,,Belyando River,Belyando River,,Belyando River,,,,,,,,Belyando River,,,,Belyando River,,,,,,,,,6.7,7.7
0.200000000,River (Intermittent),11,0,,Normanby,,,1746286993,Q31584,نهر نورمنبي,,Normanby River,Normanby River,,Normanby River,,,,,,,,Normanby River,,,,Normanby River,,,,,,,,,6.7,7.7
0.150000000,River (Intermittent),11,0,,Normanby,,,1746286995,Q31584,نهر نورمنبي,,Normanby River,Normanby River,,Normanby River,,,,,,,,Normanby River,,,,Normanby River,,,,,,,,,6.7,7.7
0.200000000,River (Intermittent),11,0,,Gilbert,,,1746286997,Q15111636,,,Gilbert River,Gilbert River,,,,,,,,ギルバート川,,,,,,Gilbert River,,,,,,,,,6.7,7.7
0.150000000,River (Intermittent),11,0,,Gilbert,,,1746286999,Q15111636,,,Gilbert River,Gilbert River,,,,,,,,ギルバート川,,,,,,Gilbert River,,,,,,,,,6.7,7.7
0.150000000,River (Intermittent),11,0,,Nicholson,,,1746287003,Q1784388,,,Nicholson River,Nicholson River,,,,,,,,,,,,,,Nicholson River,,,,,,,,,6.7,7.7
0.200000000,River (Intermittent),11,0,,Nicholson,,,1746287005,Q1784388,,,Nicholson River,Nicholson River,,,,,,,,,,,,,,Nicholson River,,,,,,,,,6.7,7.7
0.150000000,River (Intermittent),11,0,,Frankland,,,1746287007,Q5491120,,,,Frankland River,,,,,,,,,,Frankland,,,,Frankland River,,,,,,,,,6.7,7.7
0.200000000,River (Intermittent),11,0,,Frankland,,,1746287009,Q5491120,,,,Frankland River,,,,,,,,,,Frankland,,,,Frankland River,,,,,,,,,6.7,7.7
0.200000000,River,11,0,,Frankland,,,1746287011,Q5491120,,,,Frankland River,,,,,,,,,,Frankland,,,,Frankland River,,,,,,,,,6.7,7.7
0.150000000,River (Intermittent),11,0,,Dawson,,,1746287013,Q910210,نهر داوسون,,Dawson River,Dawson River,,,,,,,,,,,Dawson,,,Dawson River,,,,,,,,,6.7,7.7
0.150000000,River (Intermittent),11,0,,Bowen,,,1746287015,Q895410,,,Bowen River,Bowen River,,,,,,,,,,,,,,Bowen River,,,,,,,,,6.7,7.7
0.150000000,River (Intermittent),11,0,,Oakover,,,1746287017,Q1564302,,,Oakover River,Oakover River,,Oakover River,,,,,,,,Oakover River,,,,Oakover River,,,,,,,,,6.7,7.7
0.200000000,River (Intermittent),11,0,,Oakover,,,1746287021,Q1564302,,,Oakover River,Oakover River,,Oakover River,,,,,,,,Oakover River,,,,Oakover River,,,,,,,,,6.7,7.7
0.200000000,River (Intermittent),11,0,,De Grey,,,1746287023,Q647058,,,De Grey River,De Grey River,,,,,,,,ディ・グレー川,,De Grey,,Rio De Grey,,,,,,,,,,,6.7,7.7
0.200000000,River (Intermittent),11,0,,Goyder,,,1746287025,Q21891375,,,,Goyder River,,,,,,,,,,,,,Гойдер,Goyder River,,,,,,,,,6.7,7.7
0.150000000,River (Intermittent),11,0,,Goyder,,,1746287027,Q21891375,,,,Goyder River,,,,,,,,,,,,,Гойдер,Goyder River,,,,,,,,,6.7,7.7
0.200000000,River (Intermittent),11,0,,Bogan,,,1746287029,Q559546,نهر بوجان,,Bogan River,Bogan River,,Bogan River,,,,,,,,Bogan River,,,Боган,Bogan River,,,,,,Боґан,,,6.7,7.7
0.150000000,River (Intermittent),11,0,,Bogan,,,1746287031,Q559546,نهر بوجان,,Bogan River,Bogan River,,Bogan River,,,,,,,,Bogan River,,,Боган,Bogan River,,,,,,Боґан,,,6.7,7.7
0.200000000,River (Intermittent),11,0,,Namoi,,,1746287033,Q302946,,,Namoi River,Namoi River,,Namoi River,,,,,,,,Namoi River,Namoi,,,Namoi River,,,納莫伊河,,,,,納莫伊河,6.7,7.7
0.150000000,River (Intermittent),11,0,,Wenlock,,,1746287035,Q554135,نهر ينلوك,,,Wenlock River,,,,,,,,ウェンロック川,,,,,,Wenlock River,,,,,,,,,6.7,7.7
0.150000000,River (Intermittent),11,0,,Flinders,,,1746287039,Q1428816,نهر فليندرز,ফ্লিন্ডার্স নদী,Flinders River,Flinders River,Río Flinders,Flinders,,,,,Flinders,フリンダーズ川,,Flinders River,Flinders,,Флиндерс,Flinders River,,,弗林德斯河,,,Фліндерс,,弗林德斯河,6.7,7.7
0.200000000,River (Intermittent),11,0,,Flinders,,,1746287041,Q1428816,نهر فليندرز,ফ্লিন্ডার্স নদী,Flinders River,Flinders River,Río Flinders,Flinders,,,,,Flinders,フリンダーズ川,,Flinders River,Flinders,,Флиндерс,Flinders River,,,弗林德斯河,,,Фліндерс,,弗林德斯河,6.7,7.7
0.150000000,River (Intermittent),11,0,,Glenelg,,,1746287043,Q584220,,,Glenelg River,Glenelg River,,Glenelg River,,,,,,グレネルグ川,,Glenelg River,,,Гленелг,Glenelg River,,,格萊內爾格河,,,,,格萊內爾格河,6.7,7.7
0.200000000,River (Intermittent),11,0,,Gilbert,,,1746287045,Q15111636,,,Gilbert River,Gilbert River,,,,,,,,ギルバート川,,,,,,Gilbert River,,,,,,,,,6.7,7.7
0.150000000,River (Intermittent),11,0,,Drysdale,,,1746287047,Q5309807,,,,Drysdale River,,,,,,,,ドライスデール川,,Drysdale,,,,Drysdale River,,,,,,,,,6.7,7.7
0.200000000,River (Intermittent),11,0,,Drysdale,,,1746287049,Q5309807,,,,Drysdale River,,,,,,,,ドライスデール川,,Drysdale,,,,Drysdale River,,,,,,,,,6.7,7.7
0.200000000,River (Intermittent),11,0,,Murchison,,,1746287051,Q1703677,,,Murchison River,Murchison River,Río Murchison,Murchinson,,,,,,マーチソン川,,Murchison River,Murchison,,Мерчисон,Murchison River,,,默奇森河,,,Мерчисон,,Murchison河,6.7,7.7
0.200000000,River (Intermittent),11,0,,Moonie,,,1746287053,Q1164407,نهر موني - كوينزلاند,,Moonie River,Moonie River,,Moonie River,,,,,,,,Moonie River,,,,Moonie River,,,,,,,,,6.7,7.7
0.150000000,River (Intermittent),11,0,,Moonie,,,1746287057,Q1164407,نهر موني - كوينزلاند,,Moonie River,Moonie River,,Moonie River,,,,,,,,Moonie River,,,,Moonie River,,,,,,,,,6.7,7.7
0.200000000,River (Intermittent),11,0,,Hopkins,,,1746287059,Q5900715,,,,Hopkins River,,,,,,,,ホプキンズ川,,,,Rio Hopkins,,Hopkins River,,,霍普金斯河,,,Гопкінс,,霍普金斯河,6.7,7.7
0.150000000,River (Intermittent),11,0,,Hopkins,,,1746287061,Q5900715,,,,Hopkins River,,,,,,,,ホプキンズ川,,,,Rio Hopkins,,Hopkins River,,,霍普金斯河,,,Гопкінс,,霍普金斯河,6.7,7.7
0.150000000,River (Intermittent),11,0,,Macleay,,,1746287063,Q1882956,,,Macleay River,Macleay River,Río Macleay,Macleay River,,,,,Fiume Macleay,,,Macleay River,,,,Macleay River,,,,,,,,,6.7,7.7
0.200000000,River (Intermittent),11,0,,Dawson,,,1746287065,Q910210,نهر داوسون,,Dawson River,Dawson River,,,,,,,,,,,Dawson,,,Dawson River,,,,,,,,,6.7,7.7
0.200000000,River (Intermittent),11,0,,Cape,,,1746287067,Q1034481,,,Cape River,Cape River,,,,,,,,,,,,,,Cape River,,,,,,,,,6.7,7.7
0.150000000,River (Intermittent),11,0,,Cape,,,1746287069,Q1034481,,,Cape River,Cape River,,,,,,,,,,,,,,Cape River,,,,,,,,,6.7,7.7
0.150000000,River (Intermittent),11,0,,Murchison,,,1746287071,Q1703677,,,Murchison River,Murchison River,Río Murchison,Murchinson,,,,,,マーチソン川,,Murchison River,Murchison,,Мерчисон,Murchison River,,,默奇森河,,,Мерчисон,,Murchison河,6.7,7.7
0.200000000,River (Intermittent),11,0,,East Alligator River,,,1746287075,,,,,,,,,,,,,,,,,,,,,,,,,,,,6.7,7.7
0.150000000,River (Intermittent),11,0,,East Alligator River,,,1746287077,,,,,,,,,,,,,,,,,,,,,,,,,,,,6.7,7.7
0.250000000,River (Intermittent),11,0,,Flinders,,,1746287079,Q1428816,نهر فليندرز,ফ্লিন্ডার্স নদী,Flinders River,Flinders River,Río Flinders,Flinders,,,,,Flinders,フリンダーズ川,,Flinders River,Flinders,,Флиндерс,Flinders River,,,弗林德斯河,,,Фліндерс,,弗林德斯河,6.7,7.7
0.200000000,River (Intermittent),11,0,,South Alligator,,,1746287081,,,,,,,,,,,,,,,,,,,,,,,,,,,,6.7,7.7
0.150000000,River (Intermittent),11,0,,South Alligator,,,1746287083,,,,,,,,,,,,,,,,,,,,,,,,,,,,6.7,7.7
0.200000000,Lake Centerline,11,0,,Mitchell,,,1746287085,Q430217,,,Mitchell River,Mitchell River,,Mitchell River,,,,,,,,Mitchell River,,,,Mitchell River,,,蜜雪兒河,,,,,蜜雪兒河,6.7,7.7
0.200000000,Lake Centerline,11,0,,Cape,,,1746287087,Q1034481,,,Cape River,Cape River,,,,,,,,,,,,,,Cape River,,,,,,,,,6.7,7.7
0.150000000,River,11,0,,Yarra,,,1746287089,Q695081,,,Yarra River,Yarra River,Río Yarra,Yarra,,,,Sungai Yarra,Yarra,ヤラ川,야라강,Yarra,Yarra,Rio Yarra,Ярра,River Yarra,,,雅拉河,رود یارا,ירה,Ярра,,雅拉河,6.7,7.7
0.200000000,River,11,0,,Yarra,,,1746287093,Q695081,,,Yarra River,Yarra River,Río Yarra,Yarra,,,,Sungai Yarra,Yarra,ヤラ川,야라강,Yarra,Yarra,Rio Yarra,Ярра,River Yarra,,,雅拉河,رود یارا,ירה,Ярра,,雅拉河,6.7,7.7
0.250000000,River,11,0,,Yarra,,,1746287095,Q695081,,,Yarra River,Yarra River,Río Yarra,Yarra,,,,Sungai Yarra,Yarra,ヤラ川,야라강,Yarra,Yarra,Rio Yarra,Ярра,River Yarra,,,雅拉河,رود یارا,ירה,Ярра,,雅拉河,6.7,7.7
0.250000000,River,11,0,,Glyde,,,1746287097,,,,,,,,,,,,,,,,,,,,,,,,,,,,6.7,7.7
0.150000000,River,11,0,,Ouse,,,1746287099,Q2041800,,,Ouse River,River Ouse,,,,,,,,,,,,,Уз,River Ouse,,,,,,,,,6.7,7.7
0.150000000,River,11,0,,Shannon,,,1746287101,Q2277060,,,Shannon River,Shannon River,,,,,,,,,,,,,,,,,,,,,,,6.7,7.7
0.150000000,River,11,0,,Mitta Mitta,,,1746287103,Q1163315,,,Mitta Mitta River,Mitta Mitta River,,Mitta Mitta,,,,,,ミタミタ川,,Mitta Mitta River,,Rio Mitta Mitta,Митта-Митта,Mitta Mitta River,,,,,,Мітта-Мітта,,,6.7,7.7
0.200000000,River,11,0,,Mitta Mitta,,,1746287105,Q1163315,,,Mitta Mitta River,Mitta Mitta River,,Mitta Mitta,,,,,,ミタミタ川,,Mitta Mitta River,,Rio Mitta Mitta,Митта-Митта,Mitta Mitta River,,,,,,Мітта-Мітта,,,6.7,7.7
0.200000000,Lake Centerline,11,0,,Mitta Mitta,,,1746287107,Q1163315,,,Mitta Mitta River,Mitta Mitta River,,Mitta Mitta,,,,,,ミタミタ川,,Mitta Mitta River,,Rio Mitta Mitta,Митта-Митта,Mitta Mitta River,,,,,,Мітта-Мітта,,,6.7,7.7
0.150000000,River,11,0,,Wongungarra,,,1746287111,Q2593035,,,Wongungarra River,Wongungarra River,,,,,,,,,,,,,,Wongungarra River,,,,,,,,,6.7,7.7
0.200000000,River,11,0,,Wonnangatta,,,1746287113,Q1317102,,,Wonnangatta River,Wonnangatta River,,,,,,,,,,,,,,Wonnangatta River,,,,,,,,,6.7,7.7
0.200000000,River,11,0,,Mitchell,,,1746287115,Q430217,,,Mitchell River,Mitchell River,,Mitchell River,,,,,,,,Mitchell River,,,,Mitchell River,,,蜜雪兒河,,,,,蜜雪兒河,6.7,7.7
0.150000000,River,11,0,,Clarence,,,1746287117,Q674281,نهر كلارنس,,Clarence River,Clarence River,Río Clarence,Clarence River,,,,,,クラレンス川,,Clarence,Clarence,,,Clarence River,,,,,,,,,6.7,7.7
0.200000000,River,11,0,,Clarence,,,1746287119,Q674281,نهر كلارنس,,Clarence River,Clarence River,Río Clarence,Clarence River,,,,,,クラレンス川,,Clarence,Clarence,,,Clarence River,,,,,,,,,6.7,7.7
0.250000000,River,11,0,,Clarence,,,1746287121,Q674281,نهر كلارنس,,Clarence River,Clarence River,Río Clarence,Clarence River,,,,,,クラレンス川,,Clarence,Clarence,,,Clarence River,,,,,,,,,6.7,7.7
0.200000000,River,11,0,,Belyando,,,1746287123,Q816304,نهر بيلياندو,,Belyando River,Belyando River,,Belyando River,,,,,,,,Belyando River,,,,Belyando River,,,,,,,,,6.7,7.7
0.150000000,River,11,0,,Herbert,,,1746287125,Q1608979,نهر هربرت,,Herbert River,Herbert River,,,,,,,Herbert,,,,,,,Herbert River,,,赫伯特河,رودخانه هربرت,,,,赫伯特河,6.7,7.7
0.200000000,River,11,0,,Herbert,,,1746287129,Q1608979,نهر هربرت,,Herbert River,Herbert River,,,,,,,Herbert,,,,,,,Herbert River,,,赫伯特河,رودخانه هربرت,,,,赫伯特河,6.7,7.7
0.250000000,River,11,0,,Herbert,,,1746287131,Q1608979,نهر هربرت,,Herbert River,Herbert River,,,,,,,Herbert,,,,,,,Herbert River,,,赫伯特河,رودخانه هربرت,,,,赫伯特河,6.7,7.7
0.200000000,River,11,0,,Namoi,,,1746287133,Q302946,,,Namoi River,Namoi River,,Namoi River,,,,,,,,Namoi River,Namoi,,,Namoi River,,,納莫伊河,,,,,納莫伊河,6.7,7.7
0.150000000,River,11,0,,Namoi,,,1746287135,Q302946,,,Namoi River,Namoi River,,Namoi River,,,,,,,,Namoi River,Namoi,,,Namoi River,,,納莫伊河,,,,,納莫伊河,6.7,7.7
0.150000000,River,11,0,,Hunter,,,1746287137,Q765836,,,Hunter River,Hunter River,,Hunter,,,,,,ハンター川,,Hunter River,Hunter,,Хантер,Hunter River,,,亨特河,,נהר האנטר,Гантер,,亨特河,6.7,7.7
0.200000000,River,11,0,,Hunter,,,1746287139,Q765836,,,Hunter River,Hunter River,,Hunter,,,,,,ハンター川,,Hunter River,Hunter,,Хантер,Hunter River,,,亨特河,,נהר האנטר,Гантер,,亨特河,6.7,7.7
0.250000000,River,11,0,,Hunter,,,1746287141,Q765836,,,Hunter River,Hunter River,,Hunter,,,,,,ハンター川,,Hunter River,Hunter,,Хантер,Hunter River,,,亨特河,,נהר האנטר,Гантер,,亨特河,6.7,7.7
0.150000000,River,11,0,,Guy Fawkes,,,1746287143,Q1495850,,,Guy Fawkes River,Guy Fawkes River,,Guy Fawkes River,,,,,Guy Fawkes,,,Guy Fawkes River,,,,Guy Fawkes River,,,,,,,,,6.7,7.7
0.200000000,River,11,0,,Boyd,,,1746287147,Q895937,نهر بويد,,Boyd River,Boyd River,,,,,,,,,,,,,,Boyd River,,,,,,,,,6.7,7.7
0.200000000,River,11,0,,Nymboida,,,1746287149,Q2006140,,,Nymboida River,Nymboida River,,Nymboida River,,,,,,,,Nymboida River,,,,Nymboida River,,,,,,,,,6.7,7.7
0.200000000,River,11,0,,Mann,,,1746287151,Q1890566,نهر مان,,Mann River,Mann River,,Mann River,,,,,,,,Mann River,Mann,,,,,,,,,,,,6.7,7.7
0.250000000,River,11,0,,Gilbert,,,1746287153,Q15111636,,,Gilbert River,Gilbert River,,,,,,,,ギルバート川,,,,,,Gilbert River,,,,,,,,,6.7,7.7
0.250000000,River,11,0,,Murchison,,,1746287155,Q1703677,,,Murchison River,Murchison River,Río Murchison,Murchinson,,,,,,マーチソン川,,Murchison River,Murchison,,Мерчисон,Murchison River,,,默奇森河,,,Мерчисон,,Murchison河,6.7,7.7
0.200000000,River,11,0,,Wenlock,,,1746287157,Q554135,نهر ينلوك,,,Wenlock River,,,,,,,,ウェンロック川,,,,,,Wenlock River,,,,,,,,,6.7,7.7
0.250000000,River,11,0,,Wenlock,,,1746287159,Q554135,نهر ينلوك,,,Wenlock River,,,,,,,,ウェンロック川,,,,,,Wenlock River,,,,,,,,,6.7,7.7
0.250000000,River,11,0,,Flinders,,,1746287161,Q1428816,نهر فليندرز,ফ্লিন্ডার্স নদী,Flinders River,Flinders River,Río Flinders,Flinders,,,,,Flinders,フリンダーズ川,,Flinders River,Flinders,,Флиндерс,Flinders River,,,弗林德斯河,,,Фліндерс,,弗林德斯河,6.7,7.7
0.250000000,River,11,0,,Nicholson,,,1746287165,Q1784388,,,Nicholson River,Nicholson River,,,,,,,,,,,,,,Nicholson River,,,,,,,,,6.7,7.7
0.250000000,River,11,0,,East Alligator River,,,1746287167,,,,,,,,,,,,,,,,,,,,,,,,,,,,6.7,7.7
0.250000000,River,11,0,,South Alligator,,,1746287169,,,,,,,,,,,,,,,,,,,,,,,,,,,,6.7,7.7
0.200000000,River,11,0,,South Alligator,,,1746287171,,,,,,,,,,,,,,,,,,,,,,,,,,,,6.7,7.7
0.250000000,River,11,0,,Adelaide,,,1746287173,Q354013,,,Adelaide River,Adelaide River,,Adelaide River,,,Adelaide-folyó,,,,,Adelaide River,,,Аделейд,Adelaide,Adelaide Nehri,,,,נהר אדלאידי,Аделаїда,,,6.7,7.7
0.250000000,River,11,0,,Drysdale,,,1746287175,Q5309807,,,,Drysdale River,,,,,,,,ドライスデール川,,Drysdale,,,,Drysdale River,,,,,,,,,6.7,7.7
0.250000000,River,11,0,,De Grey,,,1746287177,Q647058,,,De Grey River,De Grey River,,,,,,,,ディ・グレー川,,De Grey,,Rio De Grey,,,,,,,,,,,6.7,7.7
0.250000000,River,11,0,,Ashburton,,,1746287179,Q724934,نهر أشبورتون,,Ashburton River,Ashburton River,Río Ashburton,Ashburton River,,,,,,アシュバートン川,,Ashburton River,Ashburton,,Ашбертон,Ashburton,,,,,,Ашбертон,,,6.7,7.7
0.250000000,River,11,0,,Murray,,,1746287183,Q1225655,,,Murray River,Murray River,,Murray,,,,,,,,Murray,,,,Murray River,,,,,,,,,6.7,7.7
0.250000000,River,11,0,,Murray,,,1746287185,Q1225655,,,Murray River,Murray River,,Murray,,,,,,,,Murray,,,,Murray River,,,,,,,,,6.7,7.7
0.200000000,River,11,0,,Glenelg,,,1746287187,Q584220,,,Glenelg River,Glenelg River,,Glenelg River,,,,,,グレネルグ川,,Glenelg River,,,Гленелг,Glenelg River,,,格萊內爾格河,,,,,格萊內爾格河,6.7,7.7
0.200000000,River,11,0,,Hopkins,,,1746287189,Q5900715,,,,Hopkins River,,,,,,,,ホプキンズ川,,,,Rio Hopkins,,Hopkins River,,,霍普金斯河,,,Гопкінс,,霍普金斯河,6.7,7.7
0.200000000,River,11,0,,Gordon,,,1746287191,Q1012142,,,Gordon River,Gordon River,,Gordon River,,,Gordon River,,,ゴードン川,,Gordon River,Gordon,,Гордон,Gordon River,,,戈登河,,,Гордон,,戈登河,6.7,7.7
0.200000000,River,11,0,,Normanby,,,1746287193,Q31584,نهر نورمنبي,,Normanby River,Normanby River,,Normanby River,,,,,,,,Normanby River,,,,Normanby River,,,,,,,,,6.7,7.7
0.250000000,River,11,0,,Normanby,,,1746287195,Q31584,نهر نورمنبي,,Normanby River,Normanby River,,Normanby River,,,,,,,,Normanby River,,,,Normanby River,,,,,,,,,6.7,7.7
0.150000000,River,11,0,,Shoalhaven,,,1746287197,Q823277,,,Shoalhaven River,Shoalhaven River,,Shoalhaven River,,,Shoalhaven-folyó,,,,,Shoalhaven River,,Rio Shoalhaven,,Shoalhaven River,,,,,,,,,6.7,7.7
0.200000000,River,11,0,,Shoalhaven,,,1746287201,Q823277,,,Shoalhaven River,Shoalhaven River,,Shoalhaven River,,,Shoalhaven-folyó,,,,,Shoalhaven River,,Rio Shoalhaven,,Shoalhaven River,,,,,,,,,6.7,7.7
0.250000000,River,11,0,,Shoalhaven,,,1746287203,Q823277,,,Shoalhaven River,Shoalhaven River,,Shoalhaven River,,,Shoalhaven-folyó,,,,,Shoalhaven River,,Rio Shoalhaven,,Shoalhaven River,,,,,,,,,6.7,7.7
0.150000000,River,11,0,,Manning,,,1746287205,Q632651,نهر مانينغ,,Manning River,Manning River,,Manning River,,,,,,,,Manning River,,,,Manning River,,,曼寧河,,,,,曼寧河,6.7,7.7
0.200000000,River,11,0,,Manning,,,1746287207,Q632651,نهر مانينغ,,Manning River,Manning River,,Manning River,,,,,,,,Manning River,,,,Manning River,,,曼寧河,,,,,曼寧河,6.7,7.7
0.250000000,River,11,0,,Manning,,,1746287209,Q632651,نهر مانينغ,,Manning River,Manning River,,Manning River,,,,,,,,Manning River,,,,Manning River,,,曼寧河,,,,,曼寧河,6.7,7.7
0.200000000,River,11,0,,Macleay,,,1746287211,Q1882956,,,Macleay River,Macleay River,Río Macleay,Macleay River,,,,,Fiume Macleay,,,Macleay River,,,,Macleay River,,,,,,,,,6.7,7.7
0.250000000,River,11,0,,Macleay,,,1746287213,Q1882956,,,Macleay River,Macleay River,Río Macleay,Macleay River,,,,,Fiume Macleay,,,Macleay River,,,,Macleay River,,,,,,,,,6.7,7.7
0.200000000,River,11,0,,Cape,,,1746287215,Q1034481,,,Cape River,Cape River,,,,,,,,,,,,,,Cape River,,,,,,,,,6.7,7.7
0.200000000,River,11,0,,Cape,,,1746287219,Q1034481,,,Cape River,Cape River,,,,,,,,,,,,,,Cape River,,,,,,,,,6.7,7.7
0.200000000,River,11,0,,Dawson,,,1746287221,Q910210,نهر داوسون,,Dawson River,Dawson River,,,,,,,,,,,Dawson,,,Dawson River,,,,,,,,,6.7,7.7
0.200000000,River,11,0,,Bowen,,,1746287223,Q895410,,,Bowen River,Bowen River,,,,,,,,,,,,,,Bowen River,,,,,,,,,6.7,7.7
0.200000000,River,10,0,,South Esk,,,1746287225,Q1632022,,,South Esk River,South Esk River,,South Esk River,,,,,,,,South Esk River,South Esk,,Саут-Эск,South Esk River,,,南艾斯克河,,,,,南艾斯克河,6.0,7.0
0.150000000,River,10,0,,South Esk,,,1746287227,Q1632022,,,South Esk River,South Esk River,,South Esk River,,,,,,,,South Esk River,South Esk,,Саут-Эск,South Esk River,,,南艾斯克河,,,,,南艾斯克河,6.0,7.0
0.200000000,River (Intermittent),10,0,,Wollondilly,,,1746287229,Q1164736,,,Wollondilly River,Wollondilly River,,Wollondilly River,,,,,,,,Wollondilly River,,Rio Wollondilly,,Wollondilly River,,,,,,,,,6.0,7.0
0.200000000,River,10,0,,Wollondilly,,,1746287231,Q1164736,,,Wollondilly River,Wollondilly River,,Wollondilly River,,,,,,,,Wollondilly River,,Rio Wollondilly,,Wollondilly River,,,,,,,,,6.0,7.0
0.150000000,River (Intermittent),10,0,,Mulwaree,,,1746287233,Q1952553,,,Mulwaree River,Mulwaree River,,Mulwaree River,,,,,,,,Mulwaree River,,,,Mulwaree Ponds,,,,,,,,,6.0,7.0
0.250000000,River,10,0,,Warragamba,,,1746287237,Q2549625,,,Warragamba River,Warragamba River,,Warragamba River,,,,,,,,Warragamba River,,,,Warragamba River,,,,,,,,,6.0,7.0
0.250000000,River,10,0,,Nepean,,,1746287239,Q646893,نهر نيبيان,,Nepean River,Nepean River,Río Nepean,,,,,,,ネピアン川,,Nepean,,,,Nepean River,,,,,נפיאן,,,,6.0,7.0
0.250000000,River,10,0,,Hawkesbury,,,1746287241,Q1591703,,,Hawkesbury River,Hawkesbury River,Río Hawkesbury,Hawkesbury River,,,,Hawkesbury River,,ホークスバリー川,,Hawkesbury,Hawkesbury,,Хоксбери,Hawkesbury River,,,霍克斯伯里河,,הוקסברי,,,霍克斯伯里河,6.0,7.0
0.150000000,River (Intermittent),10,0,,Brisbane,,,1746287243,Q905910,نهر بريزبان,,Brisbane River,Brisbane River,Río Brisbane,Brisbane,,,,,Brisbane,ブリスベン川,브리즈번강,Brisbane,Brisbane,,Брисбен,Brisbane River,,,布里斯班河,,נהר בריזביין,Брисбен,,布里斯班河,6.0,7.0
0.200000000,Lake Centerline,10,0,,Brisbane,,,1746287245,Q905910,نهر بريزبان,,Brisbane River,Brisbane River,Río Brisbane,Brisbane,,,,,Brisbane,ブリスベン川,브리즈번강,Brisbane,Brisbane,,Брисбен,Brisbane River,,,布里斯班河,,נהר בריזביין,Брисбен,,布里斯班河,6.0,7.0
0.250000000,River,10,0,,Brisbane,,,1746287247,Q905910,نهر بريزبان,,Brisbane River,Brisbane River,Río Brisbane,Brisbane,,,,,Brisbane,ブリスベン川,브리즈번강,Brisbane,Brisbane,,Брисбен,Brisbane River,,,布里斯班河,,נהר בריזביין,Брисбен,,布里斯班河,6.0,7.0
0.200000000,River,10,0,,Brisbane,,,1746287249,Q905910,نهر بريزبان,,Brisbane River,Brisbane River,Río Brisbane,Brisbane,,,,,Brisbane,ブリスベン川,브리즈번강,Brisbane,Brisbane,,Брисбен,Brisbane River,,,布里斯班河,,נהר בריזביין,Брисбен,,布里斯班河,6.0,7.0
0.150000000,River (Intermittent),10,0,,Loddon,,,1746287251,Q1860106,,,Loddon River,Loddon River,Río Loddon,Loddon River,,,,,,,,,Loddon,Rio Loddon,,,,,,,,Лоддон,,,6.0,7.0
0.200000000,River,10,0,,Loddon,,,1746287255,Q1860106,,,Loddon River,Loddon River,Río Loddon,Loddon River,,,,,,,,,Loddon,Rio Loddon,,,,,,,,Лоддон,,,6.0,7.0
0.150000000,Lake Centerline,10,0,,Eucumbene,,,1746287257,Q593578,نهر يوكامبيني,,Eucumbene River,Eucumbene River,,,,,,,,,,,,,,Eucumbene River,,,尤坎本河,,,,,尤坎本河,6.0,7.0
0.150000000,River,10,0,,Eucumbene,,,1746287259,Q593578,نهر يوكامبيني,,Eucumbene River,Eucumbene River,,,,,,,,,,,,,,Eucumbene River,,,尤坎本河,,,,,尤坎本河,6.0,7.0
0.200000000,River,10,0,,Snowy,,,1746287261,Q498876,,,Snowy River,Snowy River,Río Snowy,Snowy River,,,,,,スノーウィー川,,Snowy River,,Rio Nevado,Сноуи-Ривер,Snowy River,,,雪河,,,Сноуі-Рівер,,雪河,6.0,7.0
0.250000000,River,10,0,,Snowy,,,1746287263,Q498876,,,Snowy River,Snowy River,Río Snowy,Snowy River,,,,,,スノーウィー川,,Snowy River,,Rio Nevado,Сноуи-Ривер,Snowy River,,,雪河,,,Сноуі-Рівер,,雪河,6.0,7.0
0.150000000,River,10,0,,Eucumbene,,,1746287265,Q593578,نهر يوكامبيني,,Eucumbene River,Eucumbene River,,,,,,,,,,,,,,Eucumbene River,,,尤坎本河,,,,,尤坎本河,6.0,7.0
0.150000000,Lake Centerline,10,0,,Goulburn,,,1746287267,Q609096,نهر جولبرن,,Goulburn River,Goulburn River,Río Goulburn,Goulburn,,,,,,ゴールバーン川,,Goulburn,Goulburn,Rio Goulburn,,Goulburn River,,,,,,,,,6.0,7.0
0.150000000,River,10,0,,Goulburn,,,1746287269,Q609096,نهر جولبرن,,Goulburn River,Goulburn River,Río Goulburn,Goulburn,,,,,,ゴールバーン川,,Goulburn,Goulburn,Rio Goulburn,,Goulburn River,,,,,,,,,6.0,7.0
0.200000000,River,10,0,,Goulburn,,,1746287273,Q609096,نهر جولبرن,,Goulburn River,Goulburn River,Río Goulburn,Goulburn,,,,,,ゴールバーン川,,Goulburn,Goulburn,Rio Goulburn,,Goulburn River,,,,,,,,,6.0,7.0
0.150000000,River,10,0,,Murrumbidgee,,,1746287275,Q475597,نهر موروبيدجي,মারাম্বিজি নদী,Murrumbidgee River,Murrumbidgee River,Río Murrumbidgee,Murrumbidgee,,मिर्रमबिज,,Sungai Murrumbidgee,Murrumbidgee,マランビジー川,,Murrumbidgee,Murrumbidgee,Rio Murrumbidgee,Маррамбиджи,Murrumbidgee,,Sông Murrumbidgee,马兰比吉河,رودخانه مورامبیجی,מרמביג'י,Маррамбіджі,,馬蘭比吉河,6.0,7.0
0.200000000,River,10,0,,Murrumbidgee,,,1746287277,Q475597,نهر موروبيدجي,মারাম্বিজি নদী,Murrumbidgee River,Murrumbidgee River,Río Murrumbidgee,Murrumbidgee,,मिर्रमबिज,,Sungai Murrumbidgee,Murrumbidgee,マランビジー川,,Murrumbidgee,Murrumbidgee,Rio Murrumbidgee,Маррамбиджи,Murrumbidgee,,Sông Murrumbidgee,马兰比吉河,رودخانه مورامبیجی,מרמביג'י,Маррамбіджі,,馬蘭比吉河,6.0,7.0
0.250000000,River,10,0,,Murrumbidgee,,,1746287279,Q475597,نهر موروبيدجي,মারাম্বিজি নদী,Murrumbidgee River,Murrumbidgee River,Río Murrumbidgee,Murrumbidgee,,मिर्रमबिज,,Sungai Murrumbidgee,Murrumbidgee,マランビジー川,,Murrumbidgee,Murrumbidgee,Rio Murrumbidgee,Маррамбиджи,Murrumbidgee,,Sông Murrumbidgee,马兰比吉河,رودخانه مورامبیجی,מרמביג'י,Маррамбіджі,,馬蘭比吉河,6.0,7.0
