featurecla,name,namealt,changed,note,name_fr,min_label,max_label,scalerank,label,wikidataid,name_ar,name_bn,name_de,name_en,name_es,name_el,name_hi,name_hu,name_id,name_it,name_ja,name_ko,name_nl,name_pl,name_pt,name_ru,name_sv,name_tr,name_vi,name_zh,ne_id,name_fa,name_he,name_uk,name_ur,name_zht
ocean,Arctic Ocean,,Version 1.4,,océan Arctique,1.0,6.5,0,ARCTIC OCEAN,Q788,المحيط المتجمد الشمالي,উত্তর মহাসাগর,Arktischer Ozean,Arctic Ocean,océano Ártico,Αρκτικός Ωκεανός,उत्तरध्रुवीय महासागर,Jeges-tenger,Samudra Arktik,Mar Glaciale Artico,北極海,북극해,Noordelijke IJszee,Ocean Arktyczny,Oceano Ártico,Северный Ледовитый океан,Norra ishavet,Arktik Okyanusu,Bắc Băng Dương,北冰洋,1159115017,اقیانوس منجمد شمالی,אוקיינוס הקרח הצפוני,Північний Льодовитий океан,بحر منجمد شمالی,北極海
ocean,SOUTHERN OCEAN,,Version 1.4,,océan Austral,1.0,6.5,0,SOUTHERN OCEAN,Q7354,المحيط الجنوبي,দক্ষিণ মহাসাগর,Südlicher Ozean,Southern Ocean,océano Antártico,Νότιος Ωκεανός,दक्षिणध्रुवीय महासागर,Déli-óceán,Samudra Selatan,Oceano antartico,南極海,남극해,Zuidelijke Oceaan,Ocean Południowy,Oceano Antártico,Южный океан,Antarktiska oceanen,Güney Okyanusu,Nam Đại Dương,南冰洋,1159115037,اقیانوس منجمد جنوبی,האוקיינוס הדרומי,Південний океан,بحر منجمد جنوبی,南極海
ocean,North Atlantic Ocean,,Version 1.4,,océan Atlantique,1.0,6.5,0,NORTH ATLANTIC OCEAN,Q97,المحيط الأطلسي,আটলান্টিক মহাসাগর,Atlantischer Ozean,Atlantic Ocean,océano Atlántico,Ατλαντικός Ωκεανός,अन्ध महासागर,Atlanti-óceán,Samudra Atlantik,oceano Atlantico,大西洋,대서양,Atlantische Oceaan,Ocean Atlantycki,Oceano Atlântico,Атлантический океан,Atlanten,Atlas Okyanusu,Đại Tây Dương,大西洋,1159115057,اقیانوس اطلس,האוקיינוס האטלנטי,Атлантичний океан,بحر اوقیانوس,大西洋
ocean,North Pacific Ocean,,Version 1.4,,océan Pacifique,1.0,6.5,0,NORTH PACIFIC OCEAN,Q98,المحيط الهادئ,প্রশান্ত মহাসাগর,Pazifischer Ozean,Pacific Ocean,océano Pacífico,Ειρηνικός Ωκεανός,प्रशान्त महासागर,Csendes-óceán,Samudra Pasifik,oceano Pacifico,太平洋,태평양,Grote Oceaan,Ocean Spokojny,Oceano Pacífico,Тихий океан,Stilla havet,Büyük Okyanus,Thái Bình Dương,太平洋,1159115079,اقیانوس آرام,האוקיינוס השקט,Тихий океан,بحر الکاہل,太平洋
ocean,South Pacific Ocean,,Version 1.4,,océan Pacifique,1.0,6.5,0,SOUTH PACIFIC OCEAN,Q98,المحيط الهادئ,প্রশান্ত মহাসাগর,Pazifischer Ozean,Pacific Ocean,océano Pacífico,Ειρηνικός Ωκεανός,प्रशान्त महासागर,Csendes-óceán,Samudra Pasifik,oceano Pacifico,太平洋,태평양,Grote Oceaan,Ocean Spokojny,Oceano Pacífico,Тихий океан,Stilla havet,Büyük Okyanus,Thái Bình Dương,太平洋,1159115099,اقیانوس آرام,האוקיינוס השקט,Тихий океан,بحر الکاہل,太平洋
ocean,INDIAN OCEAN,,Version 1.4,,océan Indien,1.0,6.5,0,INDIAN OCEAN,Q1239,المحيط الهندي,ভারত মহাসাগর,Indischer Ozean,Indian Ocean,océano Índico,Ινδικός Ωκεανός,हिन्द महासागर,Indiai-óceán,Samudra Hindia,oceano Indiano,インド洋,인도양,Indische Oceaan,Ocean Indyjski,Oceano Índico,Индийский океан,Indiska oceanen,Hint Okyanusu,Ấn Độ Dương,印度洋,1159115123,اقیانوس هند,האוקיינוס ההודי,Індійський океан,بحر ہند,印度洋
ocean,South Atlantic Ocean,,Version 1.4,,océan Atlantique,1.0,6.5,0,SOUTH ATLANTIC OCEAN,Q97,المحيط الأطلسي,আটলান্টিক মহাসাগর,Atlantischer Ozean,Atlantic Ocean,océano Atlántico,Ατλαντικός Ωκεανός,अन्ध महासागर,Atlanti-óceán,Samudra Atlantik,oceano Atlantico,大西洋,대서양,Atlantische Oceaan,Ocean Atlantycki,Oceano Atlântico,Атлантический океан,Atlanten,Atlas Okyanusu,Đại Tây Dương,大西洋,1159115149,اقیانوس اطلس,האוקיינוס האטלנטי,Атлантичний океан,بحر اوقیانوس,大西洋
sea,Black Sea,,Version 1.4,,mer Noire,2.0,7.5,1,Black Sea,Q166,البحر الأسود,কৃষ্ণ সাগর,Schwarzes Meer,Black Sea,mar Negro,Μαύρη Θάλασσα,काला सागर,Fekete-tenger,Laut Hitam,mar Nero,黒海,흑해,Zwarte Zee,Morze Czarne,Mar Negro,Чёрное море,Svarta havet,Karadeniz,Biển Đen,黑海,1159115171,دریای سیاه,הים השחור,Чорне море,بحیرہ اسود,黑海
sea,Philippine Sea,,Version 1.4,,mer des Philippines,2.0,7.5,1,Philippine Sea,Q159183,بحر الفلبين,ফিলিপাইন সাগর,Philippinensee,Philippine Sea,mar de Filipinas,Θάλασσα των Φιλιππίνων,फ़िलिपीन सागर,Filippínó-tenger,Laut Filipina,Mare delle Filippine,フィリピン海,필리핀해,Filipijnenzee,Morze Filipińskie,Mar das Filipinas,Филиппинское море,Filippinska sjön,Filipin Denizi,biển Philippines,菲律宾海,1159115197,دریای فیلیپین,ים הפיליפינים,Філіппінське море,بحیرہ فلپائن,菲律賓海
sea,Tasman Sea,,Version 1.4,,mer de Tasman,2.0,7.5,1,Tasman Sea,Q33254,بحر تسمان,তাসমান সাগর,Tasmansee,Tasman Sea,mar de Tasmania,Θάλασσα της Τασμανίας,तस्मान सागर,Tasman-tenger,Laut Tasman,Mar di Tasman,タスマン海,태즈먼해,Tasmanzee,Morze Tasmana,Mar da Tasmânia,Тасманово море,Tasmanhavet,Tasman Denizi,Biển Tasman,塔斯曼海,1159115233,دریای تاسمان,ים טסמן,Тасманове море,بحیرہ تسمان,塔斯曼海
bay,Bay of Bengal,,Version 1.4,,golfe du Bengale,2.0,7.5,1,Bay of Bengal,Q38684,خليج البنغال,বঙ্গোপসাগর,Golf von Bengalen,Bay of Bengal,Bahía de Bengala,Κόλπος της Βεγγάλης,बंगाल की खाड़ी,Bengáli-öböl,Teluk Benggala,golfo del Bengala,ベンガル湾,벵골만,Golf van Bengalen,Zatoka Bengalska,Golfo de Bengala,Бенгальский залив,Bengaliska viken,Bengal Körfezi,vịnh Bengal,孟加拉灣,1159115253,خلیج بنگال,מפרץ בנגל,Бенгальська затока,خلیج بنگال,孟加拉灣
sea,South China Sea,,Version 1.4,,mer de Chine méridionale,2.0,7.5,1,South China Sea,Q37660,بحر الصين الجنوبي,দক্ষিণ চীন সাগর,Südchinesisches Meer,South China Sea,mar de China Meridional,Θάλασσα της Νότιας Κίνας,दक्षिणी चीन सागर,Dél-kínai-tenger,Laut Tiongkok Selatan,Mar Cinese Meridionale,南シナ海,남중국해,Zuid-Chinese Zee,Morze Południowochińskie,Mar da China Meridional,Южно-Китайское море,Sydkinesiska havet,Güney Çin Denizi,Biển Đông,南海,1159115273,دریای جنوبی چین,ים סין הדרומי,Південнокитайське море,بحیرۂ جنوبی چین,南海
sea,Sea of Japan,East Sea,Version 1.4,,mer du Japon,2.0,7.5,1,Sea of Japan,Q27092,بحر اليابان,জাপান সাগর,Japanisches Meer,Sea of Japan,mar del Japón,Θάλασσα της Ιαπωνίας,जापान सागर,Japán-tenger,Laut Jepang,Mar del Giappone,日本海,동해,Japanse Zee,Morze Japońskie,Mar do Japão,Японское море,Japanska havet,Japon Denizi,Biển Nhật Bản,日本海,1159115305,دریای ژاپن,ים יפן,Японське море,بحیرہ جاپان,日本海
sea,Arabian Sea,,Version 1.4,,mer d'Arabie,2.0,7.5,1,Arabian Sea,Q58705,بحر العرب,আরব সাগর,Arabisches Meer,Arabian Sea,mar Arábigo,Αραβική Θάλασσα,अरब सागर,Arab-tenger,Laut Arab,Mar Arabico,アラビア海,아라비아해,Arabische Zee,Morze Arabskie,Mar Arábico,Аравийское море,Arabiska havet,Umman Denizi,Biển Ả Rập,阿拉伯海,1159115343,خلیج فارس,הים הערבי,Аравійське море,بحیرہ عرب,阿拉伯海
sea,Beaufort Sea,,Version 1.4,,mer de Beaufort,2.0,7.5,1,Beaufort Sea,Q131274,بحر بيوفورت,বোফোর সাগর,Beaufortsee,Beaufort Sea,mar de Beaufort,Θάλασσα Μποφόρ,ब्यूफोर्ट सागर,Beaufort-tenger,Laut Beaufort,Mare di Beaufort,ボーフォート海,보퍼트해,Beaufortzee,Morze Beauforta,Mar de Beaufort,Море Бофорта,Beauforthavet,Beaufort Denizi,Biển Beaufort,波弗特海,1159115359,دریای بوفورت,ים בופור,Море Бофорта,بحیرہ بیوفورت,波弗特海
sea,Caribbean Sea,,Version 1.4,,mer des Caraïbes,2.0,7.5,1,Caribbean Sea,Q1247,البحر الكاريبي,ক্যারিবীয় সাগর,Karibisches Meer,Caribbean Sea,mar Caribe,Καραϊβική Θάλασσα,कैरिबियाई सागर,Karib-tenger,Laut Karibia,mare Caraibico,カリブ海,카리브해,Caraïbische Zee,Morze Karaibskie,Mar das Caraíbas,Карибское море,Karibiska havet,Karayip Denizi,Biển Caribe,加勒比海,1159115379,دریای کارائیب,הים הקריבי,Карибське море,بحیرہ کیریبین,加勒比海
gulf,Gulf of Mexico,,Version 1.4,,golfe du Mexique,2.0,7.5,1,Gulf of Mexico,Q12630,خليج المكسيك,মেক্সিকো উপসাগর,Golf von Mexiko,Gulf of Mexico,Golfo de México,Κόλπος του Μεξικού,मेक्सिको की खाड़ी,Mexikói-öböl,Teluk Meksiko,Golfo del Messico,メキシコ湾,멕시코만,Golf van Mexico,Zatoka Meksykańska,Golfo do México,Мексиканский залив,Mexikanska golfen,Meksika Körfezi,vịnh México,墨西哥湾,1159115399,خلیج مکزیک,מפרץ מקסיקו,Мексиканська затока,خلیج میکسیکو,墨西哥灣
sea,Labrador Sea,,Version 1.4,,mer du Labrador,2.0,7.5,1,Labrador Sea,Q184189,بحر لبرادور,ল্যাব্রাডর সাগর,Labradorsee,Labrador Sea,mar de Labrador,Θάλασσα του Λαμπραντόρ,लैब्राडोर सागर,Labrador-tenger,Laut Labrador,Mare del Labrador,ラブラドル海,래브라도해,Labradorzee,Morze Labradorskie,Mar do Labrador,Море Лабрадор,Labradorhavet,Labrador Denizi,Biển Labrador,拉布拉多海,1159115419,دریای لابرادور,ים לברדור,Море Лабрадор,بحیرہ لیبراڈار,拉布拉多海
bay,Hudson Bay,,Version 1.4,,baie d'Hudson,2.0,7.5,1,Hudson Bay,Q3040,خليج هدسون,হাডসন উপসাগর,Hudson Bay,Hudson Bay,Bahía de Hudson,κόλπος Χάντσον,हडसन खाड़ी,Hudson-öböl,Teluk Hudson,baia di Hudson,ハドソン湾,허드슨만,Hudsonbaai,Zatoka Hudsona,Baía de Hudson,Гудзонов залив,Hudson Bay,Hudson Körfezi,Vịnh Hudson,哈德森湾,1159115441,خلیج هادسون,מפרץ הדסון,Гудзонова затока,خلیج ہڈسن,哈德森湾
sea,Caspian Sea,,Version 1.4,,mer Caspienne,2.0,7.5,1,Caspian Sea,Q5484,بحر قزوين,কাস্পিয়ান সাগর,Kaspisches Meer,Caspian Sea,mar Caspio,Κασπία Θάλασσα,कैस्पियन सागर,Kaszpi-tenger,Laut Kaspia,mar Caspio,カスピ海,카스피해,Kaspische Zee,Morze Kaspijskie,Mar Cáspio,Каспийское море,Kaspiska havet,Hazar Denizi,Biển Caspi,裏海,1159115461,دریای مازندران,הים הכספי,Каспійське море,بحیرہ قزوین,裏海
bay,Baffin Bay,,Version 1.4,,mer de Baffin,2.0,7.5,1,Baffin Bay,Q37040,خليج بافن,ব্যাফিন উপসাগর,Baffin Bay,Baffin Bay,bahía de Baffin,Κόλπος Μπάφιν,बाफिन खाड़ी,Baffin-öböl,Teluk Baffin,baia di Baffin,バフィン湾,배핀만,Baffinbaai,Morze Baffina,Baía de Baffin,Море Баффина,Baffinbukten,Baffin Körfezi,vịnh Baffin,巴芬灣,1159115483,خلیج بافین,מפרץ באפין,Море Баффіна,خلیج بافین,巴芬灣
gulf,Gulf of Alaska,,Version 1.4,,Golfe d'Alaska,2.0,7.5,1,Gulf of Alaska,Q180531,خليج ألاسكا,আলাস্কা উপসাগর,Golf von Alaska,Gulf of Alaska,Golfo de Alaska,Κόλπος της Αλάσκας,अलास्का की खाड़ी,Alaszkai-öböl,Teluk Alaska,golfo dell'Alaska,アラスカ湾,알래스카만,Golf van Alaska,Zatoka Alaska,Golfo do Alasca,Аляскинский залив,Alaskagolfen,Alaska Körfezi,Vịnh Alaska,阿拉斯加湾,1159115503,خلیج آلاسکا,מפרץ אלסקה,Аляска,خلیج الاسکا,阿拉斯加灣
sea,Red Sea,,Version 1.4,,mer Rouge,2.0,7.5,1,Red Sea,Q23406,البحر الأحمر,লোহিত সাগর,Rotes Meer,Red Sea,mar Rojo,Ερυθρά Θάλασσα,लाल सागर,Vörös-tenger,Laut Merah,Mar Rosso,紅海,홍해,Rode Zee,Morze Czerwone,Mar Vermelho,Красное море,Röda havet,Kızıldeniz,Biển Đỏ,红海,1159115521,دریای سرخ,הים האדום,Червоне море,بحیرہ احمر,紅海
sea,Sea of Okhotsk,,Version 1.4,,mer d'Okhotsk,2.0,7.5,1,Sea of Okhotsk,Q41602,بحر أوخوتسك,ওখোৎস্ক সাগর,Ochotskisches Meer,Sea of Okhotsk,mar de Ojotsk,Οχοτσκική θάλασσα,ओख़ोत्स्क सागर,Ohotszki-tenger,Laut Okhotsk,mare di Ochotsk,オホーツク海,오호츠크해,Zee van Ochotsk,Morze Ochockie,Mar de Okhotsk,Охотское море,Ochotska havet,Ohotsk Denizi,Biển Okhotsk,鄂霍次克海,1159115541,دریای اختسک,ים אוחוצק,Охотське море,بحیرہ اخوتسک,鄂霍次克海
sea,Weddell Sea,,Version 1.4,,mer de Weddell,2.0,7.5,1,Weddell Sea,Q173343,بحر ودل,ওয়েডেল সাগর,Weddell-Meer,Weddell Sea,mar de Weddell,Θάλασσα Γουέντελ,वेडेल सागर,Weddell-tenger,Laut Weddell,Mare di Weddell,ウェッデル海,웨들해,Weddellzee,Morze Weddella,Mar de Weddell,Море Уэдделла,Weddellhavet,Weddell Denizi,Biển Weddell,威德尔海,1159115579,دریای ودل,ים ודל,Море Ведделла,بحیرہ ودل,威德爾海
gulf,Persian Gulf,Arabian Gulf,Version 1.4,,golfe Persique,2.0,7.5,1,Persian Gulf,Q34675,الخليج العربي,পারস্য উপসাগর,Persischer Golf,Persian Gulf,golfo Pérsico,Περσικός Κόλπος,फ़ारस की खाड़ी,Perzsa-öböl,Teluk Persia,Golfo Persico,ペルシア湾,페르시아만,Perzische Golf,Zatoka Perska,Golfo Pérsico,Персидский залив,Persiska viken,Basra Körfezi,vịnh Ba Tư,波斯湾,1159115597,خلیج فارس,המפרץ הפרסי,Перська затока,خلیج فارس,波斯湾
sea,Mediterranean Sea,,Version 1.4,,mer Méditerranée,2.0,7.5,1,Mediterranean Sea,Q4918,البحر الأبيض المتوسط,ভূমধ্যসাগর,Mittelmeer,Mediterranean Sea,Mediterráneo,Μεσόγειος Θάλασσα,भूमध्य सागर,Földközi-tenger,Laut Tengah,mar Mediterraneo,地中海,지중해,Middellandse Zee,Morze Śródziemne,Mar Mediterrâneo,Средиземное море,Medelhavet,Akdeniz,Địa Trung Hải,地中海,1159115321,دریای مدیترانه,הים התיכון,Середземне море,بحیرہ روم,地中海
sea,Ross Sea,,Version 1.4,,mer de Ross,2.0,7.5,1,Ross Sea,Q164466,بحر روس,রস সাগর,Rossmeer,Ross Sea,mar de Ross,Θάλασσα Ρος,रॉस सागर,Ross-tenger,Laut Ross,Mare di Ross,ロス海,로스해,Rosszee,Morze Rossa,Mar de Ross,Море Росса,Rosshavet,Ross Denizi,Biển Ross,罗斯海,1159115615,دریای راس,ים רוס,Море Росса,بحیرہ راس,羅斯海
sea,Coral Sea,,Version 1.4,,mer de Corail,2.0,7.5,1,Coral Sea,Q82931,بحر المرجان,কোরাল সাগর,Korallenmeer,Coral Sea,mar del Coral,Θάλασσα των Κοραλλίων,कोरल सागर,Korall-tenger,Laut Karang,mar dei Coralli,珊瑚海,산호해,Koraalzee,Morze Koralowe,Mar de Coral,Коралловое море,Korallhavet,Mercan Denizi,Biển San Hô,珊瑚海,1159115219,دریای کورال,ים האלמוגים,Коралове море,بحیرہ کورل,珊瑚海
sea,Celebes Sea,,Version 1.4,,mer de Célèbes,4.0,8.5,2,Celebes Sea,Q19270,بحر سيليبس,সেলেবস সী,Celebessee,Celebes Sea,mar de Célebes,Θάλασσα της Κελέβης,सुलावेसी सागर,Celebesz-tenger,Laut Sulawesi,mare di Celebes,セレベス海,술라웨시해,Celebeszee,Morze Celebes,Mar de Celebes,Сулавеси,Sulawesisjön,Celebes Denizi,Biển Celebes,西里伯斯海,1159115635,دریای سلب,ים סלבס,Море Сулавесі,بحیرہ سلیبس,西里伯斯海
sea,Sulu Sea,,Version 1.4,,mer de Sulu,4.0,8.5,2,Sulu Sea,Q160194,بحر سولو,সুলু সাগর,Sulusee,Sulu Sea,mar de Sulú,Θάλασσα Σουλού,सुलु सागर,Sulu-tenger,Laut Sulu,Mare di Sulu,スールー海,술루해,Suluzee,Morze Sulu,Mar de Sulu,Море Сулу,Sulusjön,Sulu Denizi,Biển Sulu,苏禄海,1159115655,دریای سولو,ים סולו,Море Сулу,بحیرہ سولو,蘇祿海
sea,Norwegian Sea,,Version 1.4,,mer de Norvège,4.0,8.5,2,Norwegian Sea,Q47545,بحر النرويج,নরওয়েজীয় সাগর,Europäisches Nordmeer,Norwegian Sea,mar de Noruega,Νορβηγική Θάλασσα,नॉर्वेजियन सागर,Norvég-tenger,Laut Norwegia,mare di Norvegia,ノルウェー海,노르웨이해,Noorse Zee,Morze Norweskie,Mar da Noruega,Норвежское море,Norska havet,Norveç Denizi,Biển Na Uy,挪威海,1159115675,دریای نروژ,הים הנורווגי,Норвезьке море,بحیرہ ناروے,挪威海
sea,Greenland Sea,,Version 1.4,,mer du Groenland,4.0,8.5,2,Greenland Sea,Q132868,بحر جرينلاند,গ্রিনল্যান্ড সাগর,Grönlandsee,Greenland Sea,mar de Groenlandia,Γροιλανδική Θάλασσα,ग्रीनलैंड सागर,Grönlandi-tenger,Laut Greenland,Mare di Groenlandia,グリーンランド海,그린란드해,Groenlandzee,Morze Grenlandzkie,mar da Gronelândia,Гренландское море,Grönlandshavet,Grönland Denizi,biển Greenland,格陵兰海,1159115695,دریای گرینلند,ים גרינלנד,Ґренландське море,بحیرہ گرین لینڈ,格陵蘭海
sea,Banda Sea,,Version 1.4,,mer de Banda,4.0,8.5,2,Banda Sea,Q171510,بحر باندا,বাণ্ডা সাগর,Bandasee,Banda Sea,mar de Banda,Θάλασσα Μπάντα,बांदा सागर,Banda-tenger,Laut Banda,Mar di Banda,バンダ海,반다해,Bandazee,Morze Banda,Mar de Banda,Море Банда,Bandasjön,Banda Denizi,Biển Banda,班达海,1159115717,دریای باندا,ים בנדה,Банда,بحیرہ باندا,班達海
strait,Luzon Strait,,Version 1.4,,détroit de Luçon,4.0,8.5,2,Luzon Strait,Q908741,مضيق لوزون,লুজন স্ট্রেট,Luzonstraße,Luzon Strait,Estrecho de Luzón,Στενό Λούζον,लूजोन स्ट्रेट,Luzon-szoros,Selat Luzon,Stretto di Luzon,ルソン海峡,루손 해협,Straat Luzon,Cieśnina Luzon,Estreito de Luzon,Лусонский пролив,Luzonsundet,Luzon Boğazı,Eo biển Luzon,吕宋海峡,1159115729,تنگه لوزون,מצר לוזון,Лусонська протока,لوزن اسٹریٹ,呂宋海峽
bay,Bay of Biscay,,Version 1.4,,golfe de Gascogne,4.0,8.5,2,Bay of Biscay,Q41573,خليج غاسكونيا,বিস্কায়া উপসাগর,Biskaya,Bay of Biscay,Golfo de Vizcaya,Βισκαϊκός κόλπος,बिस्के की खाड़ी,Vizcayai-öböl,Teluk Biscay,Golfo di Biscaglia,ビスケー湾,비스케이만,Golf van Biskaje,Zatoka Biskajska,Golfo da Biscaia,Бискайский залив,Biscayabukten,Biskay Körfezi,vịnh Biscay,比斯開灣,1159115749,خلیج بیسکای,מפרץ ביסקאיה,Біскайська затока,خلیج بسکے,比斯開灣
channel,Mozambique Channel,,Version 1.4,,canal du Mozambique,4.0,8.5,2,Mozambique Channel,Q165100,قناة موزمبيق,মোজাম্বিক প্রণালী,Straße von Mosambik,Mozambique Channel,Canal de Mozambique,Κανάλι της Μοζαμβίκης,मोजाम्बिक जलसन्धि,Mozambiki-csatorna,Selat Mozambik,Canale del Mozambico,モザンビーク海峡,모잠비크 해협,Straat Mozambique,Kanał Mozambicki,Canal de Moçambique,Мозамбикский пролив,Moçambiquekanalen,Mozambik Kanalı,Eo biển Mozambique,莫桑比克海峡,1159115771,کانال موزامبیک,מצר מוזמביק,Мозамбіцька протока,رودبار موزمبیق,莫桑比克海峽
gulf,Gulf of Guinea,,Version 1.4,,golfe de Guinée,4.0,8.5,2,Gulf of Guinea,Q41430,خليج غينيا,গিনি উপসাগর,Golf von Guinea,Gulf of Guinea,Golfo de Guinea,Κόλπος της Γουινέας,गिनी की खाड़ी,Guineai-öböl,Teluk Guinea,Golfo di Guinea,ギニア湾,기니만,Golf van Guinee,Zatoka Gwinejska,Golfo da Guiné,Гвинейский залив,Guineabukten,Gine Körfezi,Vịnh Guinea,几内亚湾,1159115791,خلیج گینه,מפרץ גינאה,Гвінейська затока,خلیج گنی,几内亚湾
sea,Scotia Sea,,Version 1.4,,mer de la Scotia,4.0,8.5,2,,Q204703,بحر سكوتيا,স্কশিয়া সাগর,Scotiasee,Scotia Sea,mar del Scotia,Θάλασσα της Σκωτίας,स्कोशिया सागर,Scotia-tenger,Laut Scotia,Mare di Scotia,スコシア海,스코샤해,Scotiazee,Morze Scotia,Mar de Scotia,Море Скоша,Scotiahavet,Scotia Denizi,Biển Scotia,斯科舍海,1159115811,دریای اسکوشیا,ים סקוטיה,Море Скоша,بحیرہ سکوٹیا,斯科舍海
sea,Baltic Sea,,Version 1.4,,mer Baltique,4.0,8.5,2,Baltic Sea,Q545,بحر البلطيق,বাল্টিক সাগর,Ostsee,Baltic Sea,Mar Báltico,Βαλτική Θάλασσα,बाल्टिक सागर,Balti-tenger,Laut Baltik,mar Baltico,バルト海,발트해,Oostzee,Morze Bałtyckie,Mar Báltico,Балтийское море,Östersjön,Baltık Denizi,biển Baltic,波罗的海,1159115831,دریای بالتیک,הים הבלטי,Балтійське море,بحیرہ بالٹک,波羅的海
sea,Barents Sea,,Version 1.4,,mer de Barents,4.0,8.5,2,Barents Sea,Q45823,بحر بارنتس,বারেন্টস সাগর,Barentssee,Barents Sea,Mar de Barents,Θάλασσα Μπάρεντς,बेरिंट सागर,Barents-tenger,Laut Barents,mare di Barents,バレンツ海,바렌츠해,Barentszzee,Morze Barentsa,Mar de Barents,Баренцево море,Barents hav,Barents Denizi,Biển Barents,巴倫支海,1159115861,دریای بارنتز,ים ברנץ,Баренцове море,بحیرۂ بیرنٹس,巴倫支海
sea,North Sea,,Version 1.4,,mer du Nord,4.0,8.5,2,North Sea,Q1693,بحر الشمال,উত্তর সাগর,Nordsee,North Sea,mar del Norte,Βόρεια Θάλασσα,उत्तरी सागर,Északi-tenger,Laut Utara,mare del Nord,北海,북해,Noordzee,Morze Północne,Mar do Norte,Северное море,Nordsjön,Kuzey Denizi,Biển Bắc,北海,1159115879,دریای شمال,הים הצפוני,Північне море,بحیرہ شمال,北海
sea,Irish Sea,,Version 1.4,,mer d'Irlande,4.0,8.5,2,Irish Sea,Q41735,البحر الأيرلندي,আইরিশ সাগর,Irische See,Irish Sea,mar de Irlanda,Ιρλανδική Θάλασσα,आयरिश सागर,Ír-tenger,Laut Irlandia,Mare d'Irlanda,アイリッシュ海,아일랜드해,Ierse Zee,Morze Irlandzkie,Mar da Irlanda,Ирландское море,Irländska sjön,İrlanda Denizi,Biển Ireland,愛爾蘭海,1159115935,دریای ایرلند,הים האירי,Ірландське море,بحیرہ آئرش,愛爾蘭海
sea,Java Sea,,Version 1.4,,mer de Java,4.0,8.5,2,Java Sea,Q49364,بحر جاوة,জাভা সাগর,Javasee,Java Sea,mar de Java,Θάλασσα της Ιάβας,जावा सागर,Jáva-tenger,Laut Jawa,Mar di Giava,ジャワ海,자와해,Javazee,Morze Jawajskie,Mar de Java,Яванское море,Javasjön,Cava Denizi,Biển Java,爪哇海,1159115959,دریای جاوه,ים ג'אווה,Яванське море,بحیرہ جاوا,爪哇海
sea,Andaman Sea,,Version 1.4,,mer d'Andaman,4.0,8.5,2,Andaman Sea,Q47632,بحر أندامان,আন্দামান সাগর,Andamanensee,Andaman Sea,mar de Andamán,Θάλασσα Ανταμάν,अंडमान सागर,Andamán-tenger,Laut Andaman,Mare delle Andamane,アンダマン海,안다만해,Andamanse Zee,Morze Andamańskie,Mar de Andamão,Андаманское море,Andamansjön,Andaman Denizi,Biển Andaman,安达曼海,1159115987,دریای آندامان,ים אנדמן,Андаманське море,بحیرہ انڈمان,安达曼海
sea,Yellow Sea,,Version 1.4,,mer Jaune,4.0,8.5,2,Yellow Sea,Q37960,البحر الأصفر,পীতসাগর,Gelbes Meer,Yellow Sea,mar Amarillo,Κίτρινη Θάλασσα,पीला सागर,Sárga-tenger,Laut Kuning,mar Giallo,黄海,황해,Gele Zee,Morze Żółte,Mar Amarelo,Жёлтое море,Gula havet,Sarıdeniz,Hoàng Hải,黄海,1159115999,دریای زرد,הים הצהוב,Жовте море,بحیرہ اصفر,黄海
sea,East China Sea,,Version 1.4,,mer de Chine orientale,4.0,8.5,2,East China Sea,Q45341,بحر الصين الشرقي,পূর্ব চীন সাগর,Ostchinesisches Meer,East China Sea,mar de China Oriental,Θάλασσα της Ανατολικής Κίνας,पूर्वी चीन सागर,Kelet-kínai-tenger,Laut Tiongkok Timur,mar Cinese Orientale,東シナ海,동중국해,Oost-Chinese Zee whoop whoop,Morze Wschodniochińskie,Mar da China Oriental,Восточно-Китайское море,Östkinesiska havet,Doğu Çin Denizi,Biển Hoa Đông,东海,1159116027,دریای چین شرقی,ים סין המזרחי,Східнокитайське море,بحیرہ شرقی چین,東海
sea,Chukchi Sea,,Version 1.4,,mer des Tchouktches,4.0,8.5,2,Chukchi Sea,Q159252,بحر تشوكشي,চুকচি সাগর,Tschuktschensee,Chukchi Sea,mar de Chukotka.,Θάλασσα Τσούκτσι,चूक्ची सागर,Csukcs-tenger,Laut Chukchi,Mare dei Ciukci,チュクチ海,축치해,Tsjoektsjenzee,Morze Czukockie,Mar de Chukchi,Чукотское море,Tjuktjerhavet,Çukçi Denizi,Biển Chukotka,楚科奇海,1159116037,دریای چوکچی,ים צ'וקצ'י,Чукотське море,بحیرہ چکچی,楚科奇海
bay,Bahía de Campeche,,,Bay of Campeche,baie de Campêche,4.0,8.5,2,Bahía de Campeche,Q61304,خليج كامبيشي,বাহিয়া দে কাম্পেচে,Bahía de Campeche,Bay of Campeche,Golfo de Campeche,Μπαία ντε Καμπέτσε,बाहिया डे कैम्पेचे,Bahía de Campeche,Teluk Campeche,Baia di Campeche,カンペチェ湾,캄페체 만,Golf van Campeche,Campeche,Baía de Campeche,Кампече,Campechebukten,Campeche Koyu,Vịnh Campeche,坎佩切湾,1159116059,خلیج کامپچه,מפרץ קמפצ'ה,Бая-де-Кампача,خلیج کامپیچہ,坎佩切湾
sea,Arafura Sea,,Version 1.4,,mer d'Arafura,4.0,8.5,2,Arafura Sea,Q128880,بحر آرافورا,আরাফুরা সী,Arafurasee,Arafura Sea,mar de Arafura,Θάλασσα της Αραφούρα,अराफुरा सागर,Arafura-tenger,Laut Arafura,Mare degli Arafura,アラフラ海,아라푸라해,Arafurazee,Morze Arafura,Mar de Arafura,Арафурское море,Arafurasjön,Arafura Denizi,Biển Arafura,阿拉弗拉海,1159116081,دریای آرافورا,ים אראפורה,Арафурське море,بحیرہ آرافرا,阿拉弗拉海
sea,Timor Sea,,Version 1.4,,mer de Timor,4.0,8.5,2,Timor Sea,Q131418,بحر تيمور,তিমুর সাগর,Timorsee,Timor Sea,mar de Timor,Θάλασσα του Τιμόρ,तिमोर सागर,Timor-tenger,Laut Timor,Mar di Timor,ティモール海,티모르해,Timorzee,Morze Timor,Mar de Timor,Тиморское море,Timorsjön,Timor Denizi,Biển Timor,帝汶海,1159116101,دریای تیمور,ים טימור,Тиморське море,بحیرہ تیمور,帝汶海
gulf,Gulf of Thailand,,Version 1.4,,Golfe de Thaïlande,4.0,8.5,2,Gulf of Thailand,Q131217,خليج تايلاند,থাইল্যান্ড উপসাগর,Golf von Thailand,Gulf of Thailand,Golfo de Tailandia,Κόλπος της Ταϊλάνδης,थाईलैण्ड की खाड़ी,Thai-öböl,Teluk Thailand,golfo del Siam,タイランド湾,타이만,Golf van Thailand,Zatoka Tajlandzka,Golfo da Tailândia,Сиамский залив,Thailandviken,Tayland Körfezi,vịnh Thái Lan,泰国湾,1159116123,خلیج تایلند,מפרץ תאילנד,Сіамська затока,خلیج تھائی لینڈ,泰國灣
sea,Laccadive Sea,,Version 1.4,,mer des Laquedives,4.0,8.5,2,Laccadive Sea,Q544914,بحر لكديف,লক্ষদ্বীপ সাগর,Lakkadivensee,Laccadive Sea,mar de Laquedivas,Θάλασσα Λακαντίβε,लक्षद्वीप सागर,Laccadive Sea,Laut Lakadewa,Mar delle Laccadive,ラッカディブ海,라카디브 해,Laccadive Sea,Morze Lakkadiwskie,Mar das Laquedivas,Лаккадивское море,Lackadivsjön,Laccadive Denizi,biển Laccadive,拉克代夫海,1159116143,دریای لاکادیو,ים לקדיב,Лаккадівське море,بحیرہ لاکادیو,拉克代夫海
sea,Bellingshausen Sea,,Version 1.4,,mer de Bellingshausen,4.0,8.5,2,Bellingshausen Sea,Q183455,بحر بلنغهاوزن,বেলিংশাউসেন সী,Bellingshausen-See,Bellingshausen Sea,mar de Bellingshausen,Θάλασσα Μπέλιγνκσχάουζεν,बेलिंग्सहाउज़ेन सागर,Bellingshausen-tenger,Laut Bellingshausen,Mare di Bellingshausen,ベリングスハウゼン海,벨링스하우젠해,Bellingshausenzee,Morze Bellingshausena,Mar de Bellingshausen,Море Беллинсгаузена,Bellingshausenhavet,Bellingshausen Denizi,Biển Bellingshausen,别林斯高晋海,1159116169,دریای بلینگسهاوزن,ים בלינגסהאוזן,Море Беллінсгаузена,بحیرہ بلینگشهاوزن,別林斯高晉海
sea,Amundsen Sea,,Version 1.4,,mer d'Amundsen,4.0,8.5,2,Amundsen Sea,Q72154,بحر أموندسن,আমুন্ডসেন সী,Amundsensee,Amundsen Sea,mar de Amundsen,Θάλασσα Άμουντσεν,आमुण्डसेन सागर,Amundsen-tenger,Laut Amundsen,Mare di Amundsen,アムンゼン海,아문센해,Amundsenzee,Morze Amundsena,Mar de Amundsen,Море Амундсена,Amundsenhavet,Amundsen Denizi,Biển Amundsen,阿蒙森海,1159116181,دریای آموندسن,ים אמונדסן,Море Амундсена,بحیرہ اموندسن,阿蒙森海
strait,Davis Strait,,Version 1.4,,détroit de Davis,4.0,8.5,2,Davis Strait,Q189262,مضيق دافيس,ডেভিস প্রণালী,Davisstraße,Davis Strait,Estrecho de Davis,Πορθμός του Ντέιβις,डेविस जलसन्धि,Davis-szoros,Selat Davis,Stretto di Davis,デービス海峡,데이비스 해협,Straat Davis,Cieśnina Davisa,Estreito de Davis,Пролив Дейвиса,Davis sund,Davis Boğazı,Eo biển Davis,戴维斯海峡,1159116205,تنگه دیویس,מצר דייוויס,Дейвісова протока,آبنائے ڈیوس,戴維斯海峽
sea,Kara Sea,,Version 1.4,,mer de Kara,4.0,8.5,2,Kara Sea,Q33629,بحر كارا,কারা সাগর,Karasee,Kara Sea,mar de Kara,Θάλασσα του Κάρα,कारा सागर,Kara-tenger,Laut Kara,mare di Kara,カラ海,카라해,Karazee,Morze Karskie,Mar de Kara,Карское море,Karahavet,Kara Denizi,biển Kara,喀拉海,1159116231,دریای کارا,ים קארה,Карське море,بحیرہ کارا,喀拉海
sea,Laptev Sea,,Version 1.4,,mer de Laptev,4.0,8.5,2,Laptev Sea,Q7988,بحر لابتيف,লাপ্তেভ সাগর,Laptewsee,Laptev Sea,mar de Láptev,Θάλασσα Λάπτεφ,लापतेव सागर,Laptyev-tenger,Laut Laptev,Mare di Laptev,ラプテフ海,랍테프해,Laptevzee,Morze Łaptiewów,Mar de Laptev,Море Лаптевых,Laptevhavet,Laptev Denizi,biển Laptev,拉普捷夫海,1159116253,دریای لاپتف,ים לאפטב,Море Лаптєвих,بحیرہ لیپٹف,拉普捷夫海
channel,Drake Passage,,Version 1.4,,passage de Drake,4.0,8.5,2,,Q143650,ممر دريك,ড্রেক জলপথ,Drakestraße,Drake Passage,Pasaje de Drake,πορθμός του Ντέικ,ड्रेक जलमार्ग,Drake-átjáró,Selat Drake,Canale di Drake,ドレーク海峡,드레이크 해협,Straat Drake,Cieśnina Drake'a,Passagem de Drake,Пролив Дрейка,Drakes sund,Drake Boğazı,Eo biển Drake,德雷克海峡,1159116269,گذرگاه دریک,מעבר דרייק,Протока Дрейка,گزرگاہ ڈریک,德雷克海峽
sea,Bering Sea,,Version 1.4,,mer de Béring,4.0,8.5,2,Bering Sea,Q44725,بحر بيرنغ,বেরিং সাগর,Beringmeer,Bering Sea,mar de Bering,Βερίγγειος θάλασσα,बेरी,Bering-tenger,Laut Bering,Mare di Bering,ベーリング海,베링해,Beringzee,Morze Beringa,Mar de Bering,Берингово море,Berings hav,Bering Denizi,Biển Bering,白令海,1159117319,دریای برینگ,ים ברינג,Берингове море,بحیرہ بیرنگ,白令海
sea,Sargasso Sea,,Version 1.3,,mer des Sargasses,4.0,8.5,2,Sargasso Sea,Q169274,بحر سرقوسة,শৈবাল সাগর,Sargassosee,Sargasso Sea,mar de los Sargazos,Θάλασσα των Σαργασσών,सारगैसो सागर,Sargasso-tenger,Laut Sargasso,Mar dei Sargassi,サルガッソ海,사르가소해,Sargassozee,Morze Sargassowe,Mar dos Sargaços,Саргассово море,Sargassohavet,Sargasso Denizi,Biển Sargasso,马尾藻海,1159120667,دریای سارگاسو,ים סרגסו,Саргасове море,بحیرہ سارگاسو,馬尾藻海
gulf,Great Australian Bight,,Version 1.4,,Grande baie australienne,5.0,9.5,3,Great Australian Bight,Q186733,الخليج الأسترالي العظيم,গ্রেট অস্ট্রেলিয়ান বাইট,Große Australische Bucht,Great Australian Bight,Gran Bahía Australiana,Μεγάλος Αυστραλιανός Κόλπος,ग्रेट ऑस्ट्रेलियन बाइट,Nagy-Ausztráliai-öböl,Great Australian Bight,Grande Baia Australiana,グレートオーストラリア湾,그레이트오스트레일리아만,Grote Australische Bocht,Wielka Zatoka Australijska,Grande Baía Australiana,Большой Австралийский залив,Stora Australbukten,Büyük Avustralya Körfezi,Vịnh Đại Úc,大澳洲湾,1159116315,خلیج بزرگ استرالیا,המפרץ האוסטרלי הגדול,Велика Австралійська затока,عظیم آسٹریلوی خلیج,大澳洲灣
gulf,Gulf of Aden,,Version 1.4,,golfe d'Aden,5.0,9.5,3,Gulf of Aden,Q41837,خليج عدن,এডেন উপসাগর,Golf von Aden,Gulf of Aden,Golfo de Adén,Κόλπος του Άντεν,अदन की खाड़ी,Ádeni-öböl,Teluk Aden,Golfo di Aden,アデン湾,아덴만,Golf van Aden,Zatoka Adeńska,Golfo de Áden,Аденский залив,Adenviken,Aden Körfezi,Vịnh Aden,亚丁湾,1159116333,خلیج عدن,מפרץ עדן,Аденська затока,خلیج عدن,亚丁湾
gulf,Gulf of Oman,,Version 1.4,,Golfe d'Oman,5.0,9.5,3,Gulf of Oman,Q79948,خليج عمان,ওমান উপসাগর,Golf von Oman,Gulf of Oman,Golfo de Omán,Κόλπος του Ομάν,ओमान की खाड़ी,Ománi-öböl,Teluk Oman,Golfo di Oman,オマーン湾,오만만,Golf van Oman,Zatoka Omańska,Golfo de Omã,Оманский залив,Omanbukten,Umman Körfezi,Vịnh Oman,阿曼灣,1159116359,دریای عمان,מפרץ עומאן,Оманська затока,خلیج عمان,阿曼灣
sea,Tyrrhenian Sea,,Version 1.4,,mer Tyrrhénienne,5.0,9.5,3,Tyrrhenian Sea,Q38882,البحر التيراني,তিররেনীয় সাগর,Tyrrhenisches Meer,Tyrrhenian Sea,mar Tirreno,Τυρρηνική Θάλασσα,तिरहेनियन सागर,Tirrén-tenger,Laut Tirenia,mar Tirreno,ティレニア海,티레니아해,Tyrreense Zee,Morze Tyrreńskie,Mar Tirreno,Тирренское море,Tyrrenska havet,Tiren Denizi,biển Tyrrhenum,第勒尼安海,1159116377,دریای تیرنی,הים הטירני,Тірренське море,بحیرہ تیرانی,第勒尼安海
sea,White Sea,,Version 1.4,,mer Blanche,5.0,9.5,3,White Sea,Q44133,البحر الأبيض,শ্বেত সাগর,Weißes Meer,White Sea,mar Blanco,Λευκή Θάλασσα,श्वेत सागर,Fehér-tenger,Laut Putih,Mar Bianco,白海,백해,Witte Zee,Morze Białe,Mar Branco,Белое море,Vita havet,Beyazdeniz,Biển Trắng,白海,1159116395,دریای سفید,הים הלבן,Біле море,بحیرہ ابیض,白海
bay,James Bay,,Version 1.4,,baie James,5.0,9.5,3,James Bay,Q223810,خليج جيمس,জেমস বে,James Bay,James Bay,Bahía James,κόλπος Τζέιμς,जेम्स खाड़ी,James-öböl,Teluk James,baia di James,ジェームズ湾,제임스만,Jamesbaai,Zatoka Jamesa,Baía de James,Джеймс,Jamesbukten,James Koyu,Vịnh James,詹姆斯湾,1159116431,خلیج جیمز,מפרץ ג'יימס,Джеймс,خلیج جیمز,詹姆斯灣
gulf,Gulf of Carpentaria,,Version 1.4,,Golfe de Carpentarie,5.0,9.5,3,Gulf of Carpentaria,Q180844,خليج كاربنتاريا,কারপেন্টারিয়া উপসাগর,Golf von Carpentaria,Gulf of Carpentaria,Golfo de Carpentaria,Κόλπος της Καρπεντάρια,कारर्पेन्तेरिया  खाड़ी,Carpentaria-öböl,Teluk Carpentaria,golfo di Carpentaria,カーペンタリア湾,카펀테리아만,Golf van Carpentaria,Zatoka Karpentaria,Golfo de Carpentária,Карпентария,Carpentariaviken,Carpentaria Körfezi,Vịnh Carpentaria,卡奔塔利亚湾,1159116451,خلیج کارپنتاریا,מפרץ קרפנטאריה,Карпентарія,خلیج کارپنتاریا,卡奔塔利亞灣
gulf,Golfo de California,,Version 1.4,,golfe de Californie,5.0,9.5,3,Golfo de California,Q132811,خليج كاليفورنيا,ক্যালিফোর্নিয়া উপসাগর,Golf von Kalifornien,Gulf of California,Golfo de California,Κόλπος της Καλιφόρνια,गोल्फो डी कैलिफोर्निया,Kaliforniai-öböl,Teluk California,Golfo di California,カリフォルニア湾,캘리포니아 만,Golf van Californië,Zatoka Kalifornijska,Golfo da Califórnia,Калифорнийский залив,Californiaviken,California Körfezi,Vịnh California,加利福尼亚湾,1159116479,خلیج کالیفرنیا,מפרץ קליפורניה,Каліфорнійська затока,خلیج کیلی فورنیا,加利福尼亞灣
strait,Hudson Strait,,Version 1.4,,détroit d'Hudson,5.0,9.5,3,Hudson Strait,Q207702,مضيق هدسون,হাডসন প্রণালী,Hudsonstraße,Hudson Strait,Estrecho de Hudson,Στενό του Χάντσον,हडसन जलसन्धि,Hudson-szoros,Selat Hudson,Stretto di Hudson,ハドソン海峡,허드슨 해협,Straat Hudson,Cieśnina Hudsona,Estreito de Hudson,Гудзонов пролив,Hudsonsundet,Hudson Boğazı,Eo biển Hudson,哈得逊海峡,1159116501,تنگه هادسون,מצר הדסון,Гудзонова протока,ہڈسن اسٹریٹ,哈得遜海峽
channel,English Channel,,Version 1.4,,Manche,5.0,9.5,3,English Channel,Q34640,بحر المانش,ইংলিশ চ্যানেল,Ärmelkanal,English Channel,canal de la Mancha,Μάγχη,इंग्लिश चैनल,La Manche,Selat Inggris,la Manica,イギリス海峡,영국 해협,Het Kanaal,Kanał La Manche,Canal da Mancha,Ла-Манш,Engelska kanalen,Manş Denizi,eo biển Manche,英吉利海峡,1159116535,کانال مانش,תעלת למאנש,Ла-Манш,رودبار انگلستان,英吉利海峡
gulf,Gulf of Honduras,,Version 1.4,,Golfe du Honduras,5.0,9.5,3,Gulf of Honduras,Q795608,خليج هندوراس,গালফ অফ হন্ডুরাস,Golf von Honduras,Gulf of Honduras,Golfo de Honduras,Κόλπος της Ονδούρας,होंडुरास की खाड़ी,Hondurasi-öböl,Teluk Honduras,Golfo dell'Honduras,ホンジュラス湾,온두라스만,Golf van Honduras,Zatoka Honduraska,Golfo das Honduras,Гондурасский залив,Hondurasbukten,Honduras Körfezi,Vịnh Honduras,洪都拉斯湾,1159116553,خلیج هندوراس,מפרץ הונדורס,Гондураська затока,گلف آف ہونڈارس,洪都拉斯灣
gulf,Gulf of Bothnia,,Version 1.4,,golfe de Botnie,5.0,9.5,3,Gulf of Bothnia,Q122574,خليج بوثنيه,বথনিয়া উপসাগর,Bottnischer Meerbusen,Gulf of Bothnia,Golfo de Botnia,Βοθνιακός κόλπος,बोथनिया की खाड़ी,Botteni-öböl,Teluk Bothnia,Golfo di Botnia,ボスニア湾,보트니아만,Botnische Golf,Zatoka Botnicka,Golfo de Bótnia,Ботнический залив,Bottniska viken,Botni Körfezi,Vịnh Bothnia,波的尼亞灣,1159116589,خلیج بوتنی,המפרץ הבוטני,Ботнічна затока,خلیج بوثنیہ,波的尼亞灣
sea,Adriatic Sea,,Version 1.4,,mer Adriatique,5.0,9.5,3,Adriatic Sea,Q13924,البحر الأدرياتيكي,অ্যাড্রিয়াটিক সাগর,Adriatisches Meer,Adriatic Sea,mar Adriático,Αδριατική θάλασσα,एड्रियाटिक सागर,Adriai-tenger,Laut Adriatik,mare Adriatico,アドリア海,아드리아해,Adriatische Zee,Morze Adriatyckie,Mar Adriático,Адриатическое море,Adriatiska havet,Adriyatik Denizi,biển Adriatic,亚得里亚海,1159116607,دریای آدریاتیک,הים האדריאטי,Адріатичне море,بحیرہ ایڈریاٹک,亚得里亚海
reef,Great Barrier Reef,,Version 1.4,,grande barrière de corail,5.7,10.0,4,,Q7343,الحيد المرجاني العظيم,গ্রেট ব্যারিয়ার রিফ,Great Barrier Reef,Great Barrier Reef,Gran barrera de coral,Μεγάλος Κοραλλιογενής Ύφαλος,ग्रेट बैरियर रीफ,Nagy-korallzátony,Karang Penghalang Besar,Grande barriera corallina,グレート・バリア・リーフ,그레이트배리어리프,Groot Barrièrerif,Wielka Rafa Koralowa,Grande Barreira de Coral,Большой Барьерный риф,Stora barriärrevet,Büyük Set Resifi,Rạn san hô Great Barrier,大堡礁,1159117285,دیواره بزرگ مرجانی,שונית המחסום הגדולה,Великий бар'єрний риф,عظیم حائل شعب,大堡礁
channel,Bristol Channel,,Version 1.4,,canal de Bristol,5.7,10.0,4,Bristol Channel,Q188203,قناة برستل,ব্রিস্টল প্রণালী,Bristolkanal,Bristol Channel,Canal de Bristol,Κανάλι του Μπρίστολ,ब्रिस्टल चैनल,Bristoli-csatorna,Selat Bristol,Canale di Bristol,ブリストル海峡,브리스틀 해협,Kanaal van Bristol,Kanał Bristolski,Canal de Bristol,Бристольский залив,Bristolkanalen,Bristol Kanalı,eo biển Bristol,布里斯托湾,1159115891,کانال بریستول,תעלת בריסטול,Брістольська затока,برسٹل چینل,布里斯托湾
sea,Inner Seas,,Version 1.4,,mer des Hébrides,5.7,10.0,4,Inner Seas,Q1971856,بحر الهبرديس,ইনার সিজ,Hebridensee,Sea of the Hebrides,mar de las Hébridas,Εσωτερικές θάλασσες,इन्नर सागर,Belső-tengerek,Inner Seas,Mare delle Ebridi,ヘブリディーズ海,이너 씨스,Sea of the Hebrides,Morze Hebrydzkie,Mar das Hébridas,Гебридское море,Sea of the Hebrides,İç Denizler,Biển Hebrides,赫布里底海,1159115921,دریای هبرید,ים האיים ההברידיים,Гебридське море,بحیرہ ہبريدس,赫布里底海
gulf,Gulf of Finland,,Version 1.4,,golfe de Finlande,5.7,10.0,4,Gulf of Finland,Q14686,خليج فنلندا,গালফ অফ ফিনল্যান্ড,Finnischer Meerbusen,Gulf of Finland,Golfo de Finlandia,Φινλανδικός κόλπος,फ़िनलैंड की खाड़ी,Finn-öböl,Teluk Finlandia,Golfo di Finlandia,フィンランド湾,핀란드만,Finse Golf,Zatoka Fińska,Golfo da Finlândia,Финский залив,Finska viken,Finlandiya Körfezi,Vịnh Phần Lan,芬蘭灣,1159116517,خلیج فنلاند,המפרץ הפיני,Фінська затока,خلیج فن لینڈ,芬蘭灣
gulf,Golfe du Lion,,Version 1.4,,Golfe du Lion,5.7,10.0,4,Golfe du Lion,Q210118,خليج الأسد,লিওঁ উপসাগর,Golfe du Lion,Gulf of Lion,Golfo de León,Κόλπος του Λέοντα,गोल्फ डू लायन,Oroszlán-öböl,Teluk Lion,Golfo del Leone,リオン湾,리옹만,Golfe du Lion,Zatoka Lwia,Golfo de Leão,Лионский залив,Lionbukten,Lion Körfezi,vịnh Sư Tử,利翁湾,1159116571,خلیج شیر,מפרץ ליון,Ліонська затока,گالفی ڈو لائن,利翁灣
strait,Straits of Florida,,Version 1.4,,détroit de Floride,5.7,10.0,4,Straits of Florida,Q232912,فلوريدا,ফ্লোরিডা প্রণালী,Floridastraße,Florida Strait,Estrecho de Florida,Στενά της Φλόριντα,फ्लोरिडा जलसन्धि,Floridai-szoros,Strait Florida,Stretti della Florida,フロリダ海峡,플로리다 해협,Straat Florida,Cieśnina Florydzka,Estreito da Flórida,Флоридский пролив,Floridasundet,Florida Boğazı,Eo biển Florida,佛罗里达海峡,1159116625,تنگه فلوریدا,מצר פלורידה,Флоридська протока,اسٹریٹس آف فلوریڈا,佛羅里達海峽
bay,Bay of Plenty,,Version 1.4,,baie de l'Abondance,5.7,10.0,4,Bay of Plenty,Q140290,خليج بلنتي,বে অফ প্লেন্টি,Bay of Plenty,Bay of Plenty,Bay of Plenty,Κόλπος του Πλέντι,बे आफ प्लेंटी,Plenty-öböl,Bay of Plenty,Baia dell'Abbondanza,プレンティ湾,베이오브플렌티 지방,Bay of Plenty,Zatoka Obfitości,Baía de Plenty,Пленти,Bay of Plenty,Plenty Körfezi,vịnh Plenty,丰盛湾,1159116643,خلیج پلنتی,ביי אוף פלנטי,Бей-оф-Пленті,بے آف پلینٹی,丰盛湾
channel,The North Western Passages,,Version 1.4,,passage du Nord-Ouest,5.0,10.0,4,,Q81136,الممر الشمالي الغربي,উত্তর পশ্চিম প্যাসেজ,Nordwestpassage,Northwest Passage,paso del Noroeste,Βορειοδυτικό Πέρασμα,उत्तर पश्चिमी मार्ग,Északnyugati átjáró,Jalur Barat Laut,passaggio a nord-ovest,北西航路,북서항로,Noordwestelijke Doorvaart,Przejście Północno-Zachodnie,Passagem do Noroeste,Северо-Западный проход,Nordvästpassagen,Kuzeybatı Geçidi,Hành lang Tây Bắc,西北水道,1159116661,گذرگاه شمال غربی,המעבר הצפון-מערבי,Північно-Західний прохід,دی نارتھ ویسٹرن پیسیجز,西北水道
sea,Ionian Sea,,Version 1.4,,mer Ionienne,5.7,10.0,4,Ionian Sea,Q37495,البحر الأيوني,আয়োনীয় সাগর,Ionisches Meer,Ionian Sea,mar Jónico,Ιόνιο Πέλαγος,आयोनियन सागर,Jón-tenger,Laut Ionia,mar Ionio,イオニア海,이오니아해,Ionische Zee,Morze Jońskie,Mar Jônico,Ионическое море,Joniska havet,İyonya Denizi,biển Ionia,爱奥尼亚海,1159116697,دریای یونان,הים היוני,Іонічне море,بحیرہ ایونی,伊奧尼亞海
gulf,Gulf of Saint Lawrence,,Version 1.4,,golfe du Saint-Laurent,5.7,10.0,4,Gulf of St. Lawrence,Q169523,خليج سانت لورنس,সেন্ট লরেন্স উপসাগর,Sankt-Lorenz-Golf,Gulf of Saint Lawrence,Golfo de San Lorenzo,Κόλπος του Αγίου Λαυρεντίου,सेंट लॉरेंस की खाड़ी,Szent Lőrinc-öböl,Teluk Santo Laurensius,golfo di San Lorenzo,セントローレンス湾,세인트로렌스만,Saint Lawrencebaai,Zatoka Świętego Wawrzyńca,Golfo de São Lourenço,Залив Святого Лаврентия,Saint Lawrenceviken,Saint Lawrence Körfezi,Vịnh Saint Lawrence,圣罗伦斯湾,1159116715,خلیج سنت لورنس,מפרץ סנט לורנס,Затока Святого Лаврентія,گلف آف سینٹ لارنس,聖羅倫斯灣
sea,Molucca Sea,,Version 1.4,,mer des Moluques,5.7,10.0,4,Molucca Sea,Q185291,بحر مالوكا,মোউলুক্কা সি,Molukkensee,Molucca Sea,mar de Molucas,Θάλασσα Μολούκα,मोलुक्का सागर,Maluku-tenger,Laut Maluku,Mare delle Molucche,モルッカ海,말루쿠해,Molukse Zee,Morze Moluckie,Mar das Molucas,Молуккское море,Molucksjön,Molucca Denizi,biển Molucca,马鲁古海,1159116731,دریای ملوک,ים מאלוקו,Молуккське море,بحیرہ ملوک,馬魯古海
sea,Bismarck Sea,,Version 1.4,,mer de Bismarck,5.7,10.0,4,Bismarck Sea,Q199436,بحر بيسمارك,বিসমার্ক সী,Bismarcksee,Bismarck Sea,mar de Bismarck,Θάλασσα Μπίσμαρκ,बिस्मार्क सागर,Bismarck-tenger,Laut Bismarck,Mare di Bismarck,ビスマルク海,비스마르크해,Bismarckzee,Morze Nowogwinejskie,Mar de Bismarck,Новогвинейское море,Bismarcksjön,Bismarck Denizi,Biển Bismarck,俾斯麦海,1159116735,دریای بیسمارک,ים ביסמרק,Новогвінейське море,بحیرہ بسمارک,俾斯麥海
sea,Solomon Sea,,Version 1.4,,mer des Salomon,5.7,10.0,4,Solomon Sea,Q199479,بحر سليمان,সলোমন সাগর,Salomonensee,Solomon Sea,mar de Salomón,Θάλασσα του Σολομώντα,सोलोमन सागर,Salamon-tenger,Laut Solomon,Mare delle Salomone,ソロモン海,솔로몬해,Salomonzee,Morze Salomona,Mar de Salomão,Соломоново море,Salomonsjön,Solomon Denizi,Biển Solomon,所罗门海,1159116767,دریای سلیمان,ים שלמה,Соломонове море,بحیرہ سلیمان,所羅門海
gulf,Gulf of Tonkin,,Version 1.4,,Golfe du Tonkin,5.7,10.0,4,Gulf of Tonkin,Q212428,خليج تونكين,গালফ অফ তঙ্কিন,Golf von Tonkin,Gulf of Tonkin,Golfo de Tonkín,Κόλπος του Τονκίνο,टोंकिन की खाड़ी,Vietnámi-öböl,Teluk Tonkin,golfo del Tonchino,トンキン湾,통킹만,Golf van Tonkin,Zatoka Tonkińska,Golfo de Tonkin,Бакбо,Tonkinbukten,Tonkin Körfezi,Vịnh Bắc Bộ,北部湾,1159116787,خلیج تونکین,מפרץ טונקין,Тонкінська затока,خلیج ٹونکن,北部灣
bay,Bay of Fundy,,Version 1.4,,baie de Fundy,5.7,10.0,4,Bay of Fundy,Q181857,خليج فندي,বে অফ ফান্ডি,Bay of Fundy,Bay of Fundy,Bahía de Fundy,Κόλπος Φάντυ,फंडी की खाड़ी,Funfy-öböl,Teluk Fundy,baia di Fundy,ファンディ湾,펀디만,Fundybaai,Zatoka Fundy,Baía de Fundy,Фанди,Bay of Fundy,Fundy Körfezi,Vịnh Fundy,芬迪湾,1159116797,خلیج فاندی,מפרץ פאנדי,Затока Фанді,خلیج فنڈی,芬迪灣
gulf,Río de la Plata,,,,Río de la Plata,5.7,10.0,4,Río de la Plata,Q35827,ريو دي لا بلاتا,রিও দে লা প্লাতা,Río de la Plata,Río de la Plata,Río de la Plata,Ρίο ντε λα Πλάτα,रियो डि ला प्लाटा,Río de la Plata,Rio de la Plata,Río de la Plata,ラプラタ川,라플라타강,Río de la Plata,La Plata,Rio da Prata,Ла-Плата,Río de la Plata,Río de la Plata,Sông La Plata,拉普拉塔河,1159116815,ریو دلا پلاتا,ריו דה לה פלטה,Ла-Плата,ریو دے لا پلاتا,拉普拉塔河
strait,Strait of Malacca,,Version 1.4,,détroit de Malacca,5.7,10.0,4,Strait of Malacca,Q48359,مضيق ملقا,মালাক্কা প্রণালী,Straße von Malakka,Strait of Malacca,Estrecho de Malaca,Στενό της Μαλάκα,मलक्का जलडमरूमध्य,Malaka-szoros,Selat Melaka,Stretto di Malacca,マラッカ海峡,믈라카 해협,Straat Malakka,Cieśnina Malakka,Estreito de Malaca,Малаккский пролив,Malackasundet,Malakka Boğazı,eo biển Malacca,马六甲海峡,1159116835,تنگه مالاکا,מצר מלאקה,Малаккська протока,آبنائے ملاکا,马六甲海峡
strait,Strait of Singapore,,Version 1.4,,détroit de Singapour,5.7,10.0,4,Strait of Singapore,Q205655,مضيق سنغافورة,সিঙ্গাপুর প্রণালী,Straße von Singapur,Singapore Strait,Estrecho de Singapur,Στενό της Σιγκαπούρης,सिंगापुर की जलडमरूमध्य,Szingapúri-szoros,Selat Singapura,Stretto di Singapore,シンガポール海峡,싱가포르 해협,Straat Singapore,Cieśnina Singapurska,Estreito de Singapura,Сингапурский пролив,Singaporesundet,Singapur Boğazı,Eo biển Singapore,新加坡海峡,1159116861,تنگه سنگاپور,מצר סינגפור,Сінгапурська протока,آبنائے سنگاپور,新加坡海峡
strait,Makassar Strait,,Version 1.4,,détroit de Macassar,5.7,10.0,4,Makassar Strait,Q194477,مضيق ماكاسار,মাকাসসার স্ট্রট,Straße von Makassar,Makassar Strait,Estrecho de Macasar,Στενό Μακασσάρ,मकासर स्ट्रेट,Makassari-szoros,Selat Makassar,Stretto di Makasar,マカッサル海峡,마카사르 해협,Straat Makassar,Cieśnina Makasarska,Estreito de Macáçar,Макасарский пролив,Makassarsundet,Makassar Boğazı,Eo biển Makassar,望加锡海峡,1159116881,تنگه ماکاسار,מצר מקאסאר,Макасарська протока,ماکاسر اسٹریٹ,望加錫海峽
sea,Ceram Sea,,Version 1.4,,mer de Seram,5.7,10.0,4,Ceram Sea,Q210855,بحر سيرام,সেরাম সী,Seramsee,Ceram Sea,mar de Ceram,Θάλασσα Σέραμ,सेरम सागर,Ceram-tenger,Seram,Mare di Ceram,セラム海,스람해,Ceramzee,Morze Seram,Mar de Ceram,Море Серам,Seramsjön,Ceram Denizi,Biển Ceram,塞兰海,1159116897,دریای سرام,ים סראם,Море Серам,بحیرہ سرام,塞蘭海
strait,Korea Strait,,Version 1.4,,détroit de Corée,5.7,10.0,4,Korea Strait,Q52052,كوريا,কোরিয়া প্রণালী,Koreastraße,Korea Strait,Estrecho de Corea,Στενό της Κορέας,कोरिया जलसन्धि,Koreai-szoros,Selat Korea,Stretto di Corea,対馬海峡,대한해협,Straat Korea,Cieśnina Koreańska,Estreito da Coreia,Корейский пролив,Koreasundet,Kore Boğazı,Eo biển Triều Tiên,朝鲜海峡,1159116907,تنگه کره,מצר קוריאה,Корейська протока,آبنائے کوریا,朝鮮海峽
sea,Inner Sea,,Version 1.4,,Mers intérieures de la côte occidentale de l'Écosse,5.7,10.0,4,,Q5762423,البحار الداخلية غرب كوست في اسكوتلندا,ইনার সি,Schottische See,Inner Seas off the West Coast of Scotland,Mar Interior,Εσωτερική Θάλασσα,इन्नर सागर,Belső-tenger,Inner Sea,Inner Sea,スコットランド海,이너 씨,Inner Seas off the West Coast of Scotland,Morze Szkockie,Mares Internos Da Costa Oeste De Escócia,Внутреннее Японское море,Japanska innanhavet,İç Deniz,các biển nội hải ngoài khơi bờ biển phía tây của Scotland,内海,1159116927,دریای اینر,הים הפנימי,Внутрішнє море,انر سی,內海
strait,Taiwan Strait,,Version 1.4,,détroit de Taïwan,5.7,10.0,4,Taiwan Strait,Q127031,مضيق تايوان,তাইওয়ান প্রণালী,Formosastraße,Taiwan Strait,Estrecho de Taiwán,Στενό της Ταϊβάν,ताइवान स्ट्रेट,Tajvani-szoros,Selat Taiwan,Stretto di Formosa,台湾海峡,타이완 해협,Straat van Taiwan,Cieśnina Tajwańska,Estreito de Taiwan,Тайваньский пролив,Taiwansundet,Tayvan Boğazı,eo biển Đài Loan,台湾海峡,1159116947,تنگه تایوان,מצר טאיוואן,Тайванська протока,آبنائے تائیوان,台灣海峽
bay,Cook Inlet,,Version 1.4,,Golfe de Cook,5.7,10.0,4,Cook Inlet,Q1129590,كوك إنليت,কুক ইনলেট,Cook Inlet,Tikahtnu Inlet,Ensenada de Tikahtnu,Όρμος Κουκ,कुक इनलेट,Cook Inlet,Teluk Kecil Cook,Baia di Cook,クック湾,쿡 인렛,Cook Inlet,Zatoka Cooka,Enseada de Cook,Залив Кука,Cook Inlet,Cook Koyu,Vịnh hẹp Cook,库克湾,1159116967,اینلت کوک,מפרצון קוק,Затока Кука,کک ان لیٹ,库克湾
bay,Bristol Bay,,Version 1.4,,baie de Bristol,5.7,10.0,4,Bristol Bay,Q917872,خليج بريستول,ব্রিস্টল বে,Bristol Bay,Bristol Bay,Bahía de Bristol,Κόλπος Μπρίστολ,ब्रिस्टल बे,Bristol-öböl,Teluk Bristol,Baia di Bristol,ブリストル湾,브리스틀만,Bristolbaai,Zatoka Bristolska,Baía de Bristol,Бристольский залив,Bristolbukten,Bristol Körfezi,Vịnh Bristol,布里斯托爾灣,1159116991,خلیج بریستول,מפרץ בריסטול,Бристольська затока,برسٹل بے,布里斯托爾灣
bay,Melville Bay,,Version 1.4,,baie de Melville,5.7,10.0,4,Melville Bay,Q2336534,خليج ميلفيل,মেলভিল বে,Melville-Bucht,Melville Bay,Bahía Melville,Κόλπος Μελβίλ,मेलविल खाड़ी,Melville-öböl,Teluk Melville,Baia di Melville,メルヴィル湾,멜빌 베이,Melville Bay,Zatoka Melville'a,Baía Melville,Мелвилл,Melvillebukten,Melville Koyu,vịnh Melville,梅尔维尔湾,1159116999,خلیج ملویل,מפרץ מלוויל,Мелвіл-Бей,میلولے بے,麥爾維爾灣
gulf,Gulf of Maine,,Version 1.4,,golfe du Maine,5.7,10.0,4,Gulf of Maine,Q876470,خليج ماين,গালফ অফ মেইন,Golf von Maine,Gulf of Maine,Golfo de Maine,Κόλπος του Μέιν,मेन की खाड़ी,Maine-öböl,Teluk Maine,golfo del Maine,メイン湾,메인만,Golf van Maine,Maine,Golfo do Maine,Мэн,Mainebukten,Maine Körfezi,vịnh Maine,缅因湾,1159117021,خلیج من,מפרץ מיין,Мен,خلیج مین,緬因灣
bay,Chesapeake Bay,,Version 1.4,,baie de Chesapeake,5.7,10.0,4,Chesapeake Bay,Q216868,خليج تشيزبيك,চেসাপীক বে,Chesapeake Bay,Chesapeake Bay,bahía de Chesapeake,Κόλπος του Τσέζαπικ,चेसापीक खाड़ी,Chesapeake-öböl,Teluk Chesapeake,baia di Chesapeake,チェサピーク湾,체서피크만,Chesapeake Bay,Zatoka Chesapeake,Baía de Chesapeake,Чесапикский залив,Chesapeake Bay,Chesapeake Körfezi,Vịnh Chesapeake,切萨皮克湾,1159117043,خلیج چساپیک,מפרץ צ'ספיק,Чесапікська затока,خلیج چیساپیک,契沙比克灣
strait,Strait of Gibraltar,,Version 1.4,,détroit de Gibraltar,5.7,10.0,4,Strait of Gibraltar,Q36124,مضيق جبل طارق,জিব্রাল্টার প্রণালী,Straße von Gibraltar,Strait of Gibraltar,Estrecho de Gibraltar,Στενό του Γιβραλτάρ,जिब्राल्टर जलसन्धि,Gibraltári-szoros,Selat Gibraltar,stretto di Gibilterra,ジブラルタル海峡,지브롤터 해협,Straat van Gibraltar,Cieśnina Gibraltarska,Estreito de Gibraltar,Гибралтарский пролив,Gibraltar sund,Cebelitarık Boğazı,Eo biển Gibraltar,直布羅陀海峽,1159117067,تنگه جبلالطارق,מצר גיברלטר,Гібралтарська протока,آبنائے جبل الطارق,直布羅陀海峽
gulf,Golfo San Jorge,,Version 1.4,,Golfe San Jorge,5.7,10.0,4,Golfo San Jorge,Q1536292,خليج سان جورج,গোলফো সান জর্জে,Golf San Jorge,San Jorge Gulf,Golfo San Jorge,Γκόλφο Σαν Χόρχε,गोल्फो सैन जोर्ज,San-Jorge-öböl,Teluk San Jorge,Golfo San Jorge,サンホルヘ湾,골포 산 호르헤,San Jorgegolf,Zatoka San Jorge,Golfo San Jorge,Сан-Хорхе,Golfo San Jorge,Golfo San Jorge,Vịnh San Jorge,聖豪爾赫灣,1159117077,خلیج سان خورخه,מפרץ סן חורחה,Сан-Хорхе,گالفو سان جارج,聖豪爾赫灣
sea,Balearic Sea,,Version 1.4,,mer des Baléares,5.7,10.0,4,Balearic Sea,Q200712,البحر البلياري,বালেয়ারীয় সাগর,Balearen-Meer,Balearic Sea,mar Balear,Ιβηρική θάλασσα,बैलिएरिक सागर,Baleár-tenger,Laut Balearik,mare delle Baleari,バレアレス海,발레아레스해,Balearische Zee,Morze Balearskie,Mar das Baleares,Балеарское море,Baleariska sjön,Balear Denizi,biển Balear,巴利阿里海,1159117105,دریای بالئار,הים הבלארי,Балеарське море,بحیرہ بلیبار,巴利阿里海
sea,Aegean Sea,,Version 1.4,,mer Égée,5.7,10.0,4,Aegean Sea,Q34575,بحر إيجة,এজিয়ান সাগর,Ägäisches Meer,Aegean Sea,mar Egeo,Αιγαίο Πέλαγος,ईजियन सागर,Égei-tenger,Laut Aegea,mar Egeo,エーゲ海,에게해,Egeïsche zee,Morze Egejskie,Mar Egeu,Эгейское море,Egeiska havet,Ege Denizi,Biển Aegea,爱琴海,1159117123,دریای اژه,הים האגאי,Егейське море,بحیرہ ایجیئن,愛琴海
gulf,Gulf of Mannar,,Version 1.4,,golfe de Mannar,5.7,10.0,4,Gulf of Mannar,Q622811,خليج منار,মান্নার উপসাগর,Golf von Mannar,Gulf of Mannar,Golfo de Mannar,Κόλπος του Μανάρ,मन्नार की खाड़ी,Mannar-öböl,Teluk Mannar,Golfo di Mannar,マンナール湾,만나르만,Golf van Mannar,Zatoka Mannar,Golfo de Mannar,Манарский залив,Mannarviken,Mannar Körfezi,Vịnh Mannar,马纳尔湾,1159117135,خلیج منار,מפרץ מאנאר,Манарська затока,خلیج منار,馬納灣
gulf,Shelikhova Gulf,,Version 1.4,,Golfe de Chelikhov,5.7,10.0,4,Shelikhova Gulf,Q639399,خليج شيليخوف,শেলিখভ উপসাগর,Schelichow-Bucht,Shelikhov Gulf,Golfo de Shélijov,Κόλπος Σελίκχοβα,शेलिखोवा खाड़ी,Shelikhova-öböl,Teluk Shelikhova,Golfo di Šelichov,シェリホフ湾,셸리호바 걸프,Sjelichovbaai,Zatoka Szelichowa,Golfo de Shelikhov,Залив Шелихова,Sjelichovbukten,Şelihov Körfezi,vịnh Shelikhov,舍利霍夫灣,1159117159,خلیج شلیخف,מפרץ שליכובה,Затока Шеліхова,شیلیکھوا گلف,舍利霍夫灣
sea,Bo Hai,,Version 1.4,,mer de Bohai,5.7,10.0,4,Bo Hai,Q181969,بحر بوهاي,বো হাই,Golf von Bohai,Bohai Sea,mar de Bohai,Μπο Χάι,बोहाई सागर,Pohaj-tenger,Laut Bohai,Mare di Bohai,渤海,보하이해,Bohaizee,Zatoka Pohaj,Mar de Bohai,Бохайский залив,Bohai,Bohai Denizi,Bột Hải,渤海,1159117171,دریای بوهای,ים בוהאי,Бохайвань,بحیرہ بوہای,渤海
gulf,Gulf of Kutch,,Version 1.4,,Golfe de Kutch,5.7,10.0,4,Gulf of Kutch,Q844917,خليج كوتش,কচ্ছ উপসাগর,Golf von Kachchh,Gulf of Kutch,Golfo de Kutch,Κόλπος του Κουτς,कच्छ क़ी खाड़ी,Kutch-öböl,Teluk Kutch,Golfo di Kutch,カッチ湾,쿠치만,Golf van Kutch,Zatoka Kaććh,Golfo de Kutch,Качский залив,Gulf of Kachchh,Kuç Körfezi,Vịnh Kutch,嘎奇湾,1159117185,خلیج کوچ,מפרץ קוץ',Кач,خلیج کچھ,嘠奇灣
gulf,Golfo de Panamá,,,,Golfe de Panama,5.7,10.0,4,Golfo de Panamá,Q645012,خليج بنما,পানামা উপসাগর,Golf von Panamá,Gulf of Panama,Golfo de Panamá,Γκόλφο ντε Παναμά,गोल्फो डे पनामा,Panama-öböl,Teluk Panama,golfo di Panama,パナマ湾,파나마만,Golf van Panama,Zatoka Panamska,Golfo do Panamá,Панамский залив,Panamabukten,Golfo de Panamá,Vịnh Panama,巴拿马湾,1159117203,خلیج پاناما,מפרץ פנמה,Панамська затока,گالفو ڈی پاناما,巴拿马湾
gulf,Amundsen Gulf,,Version 1.4,,Golfe d'Amundsen,5.0,10.0,4,Amundsen Gulf,Q1974744,خليج أموندسن,আমুন্ডসেন উপসাগর,Amundsen-Golf,Amundsen Gulf,Golfo de Amundsen,Κόλπος Άμουντσεν,एमंडसन खाड़ी,Amundsen-öböl,Teluk Amundsen,Golfo di Amundsen,アムンゼン湾,아문센만,Golf van Amundsen,Zatoka Amundsena,Golfo de Amundsen,Залив Амундсена,Amundsen Gulf,Amundsen Körfezi,Vịnh Amundsen,阿蒙森灣,1159117223,خلیج آموندسن,מפרץ אמונדסן,Затока Амундсена,خلیج اموندسن,阿蒙森灣
sound,Viscount Melville Sound,,Version 1.4,,détroit du Vicomte Melville,5.0,10.0,4,Viscount Melville Sound,Q5605258,شعبة فيكونت ملفيل ساوند,ভিসকাউন্ট মেলভিল সাউন্ড,Viscount-Melville-Sund,Viscount Melville Sound,Viscount Melville Sound,Πορθμός Βίσκαουντ Μέλβιλ,विस्काउंट मेलविल साउंड,Viscount Melville-szoros,Selat Viscount Melville,Viscount Melville Sound,バイカウントメルビル海峡,비스카운트멜빌 해협,Viscount Melville Sound,Cieśnina Melville’a,Viscount Melville Sound,Вайкаунт-Мелвилл,Viscount Melvillesundet,Viscount Melville Su Kanalı,vịnh Tử tước Melville,梅尔维尔子爵海峡,1159117247,دریاراه ویسکونت ملویل,מיצר מלוויל,Віконт-Мелвіл-Саунд,وسکاؤنٹ میلولے ساؤنڈ,梅爾維爾子爵海峽
bay,Ungava Bay,,Version 1.4,,baie d'Ungava,5.7,10.0,4,Ungava Bay,Q1165951,خليج أونجافا,উঙ্গাভা বে,Ungava Bay,Ungava Bay,Bahía de Ungava,Κόλπος Ουνγκάβα,उन्गावा बे,Ungava-öböl,Teluk Ungava,baia di Ungava,アンガヴァ湾,웅가바 베이,Ungava Bay,Ungawa,Baía de Ungava,Унгава,Ungavabukten,Ungava Koyu,Vịnh Ungava,昂加瓦湾,1159117265,خلیج اونگاوا,מפרץ אונגאווה,Унгава,اونگاوا بے,昂加瓦灣
reef,Great Barrier Reef,,Version 1.4,,grande barrière de corail,5.7,10.0,4,,Q7343,الحيد المرجاني العظيم,গ্রেট ব্যারিয়ার রিফ,Great Barrier Reef,Great Barrier Reef,Gran barrera de coral,Μεγάλος Κοραλλιογενής Ύφαλος,ग्रेट बैरियर रीफ,Nagy-korallzátony,Karang Penghalang Besar,Grande barriera corallina,グレート・バリア・リーフ,그레이트배리어리프,Groot Barrièrerif,Wielka Rafa Koralowa,Grande Barreira de Coral,Большой Барьерный риф,Stora barriärrevet,Büyük Set Resifi,Rạn san hô Great Barrier,大堡礁,1159117285,دیواره بزرگ مرجانی,שונית המחסום הגדולה,Великий бар'єрний риф,عظیم حائل شعب,大堡礁
river,Amazon River,,Version 1.3,Internal Brazil Amazon River Waters,Amazone,5.7,10.0,4,Amazon River,Q3783,نهر الأمازون,আমাজন নদী,Amazonas,Amazon,Amazonas,Αμαζόνιος,अमेज़न नदी,Amazonas,Sungai Amazon,Rio delle Amazzoni,アマゾン川,아마존강,Amazone,Amazonka,rio Amazonas,Амазонка,Amazonfloden,Amazon Nehri,Sông Amazon,亚马逊河,1159119967,آمازون,אמזונאס,Амазонка,دریائے ایمیزون,亚马逊河
river,Yangtze River,,Version 1.3,,Yangzi Jiang,5.7,10.0,4,,Q5413,يانغتسي,ছাং চিয়াং নদী,Jangtsekiang,Yangtze,Yangtsé,Γιανγκτσέ,यांग्त्सीक्यांग,Jangce,Sungai Panjang,Fiume Azzurro,長江,창 강,Jangtsekiang,Jangcy,Rio Yangtzé,Янцзы,Yangtze,Yangtze,Trường Giang,长江,1159120729,رود یانگتسه,יאנגצה,Янцзи,دریائے یانگزے,長江
river,Columbia River,,Version 1.3,,fleuve Columbia,5.7,10.0,4,Columbia River,Q2251,نهر كولومبيا,কলাম্বিয়া নদী,Columbia River,Columbia River,Río Columbia,Ποταμός Κολούμπια,कोलम्बिया नदी,Columbia,Sungai Columbia,Columbia,コロンビア川,컬럼비아강,Columbia,Kolumbia,Rio Columbia,Колумбия,Columbiafloden,Kolumbiya Nehri,Sông Columbia,哥倫比亞河,1159120745,رودخانه کلمبیا,קולומביה,Колумбія,کولمبیا دریا,哥倫比亞河
