scalerank	featurecla	name	name_abb	name_alt	note	min_zoom	wikidataid	name_ar	name_bn	name_de	name_en	name_es	name_fr	name_el	name_hi	name_hu	name_id	name_it	name_ja	name_ko	name_nl	name_pl	name_pt	name_ru	name_sv	name_tr	name_vi	name_zh	wdid_score	ne_id	name_fa	name_he	name_uk	name_ur	name_zht
1	Playa	Great Salt Lake Desert				5.6	Q1548386	صحراء سولت لايك	গ্রেট সল্ট লেক ডেজার্ট	Große Salzwüste	Great Salt Lake Desert	Gran desierto del Lago Salado	Great Salt Lake Desert	Έρημος Γκρέιτ Σολτ Λέικ	ग्रेट साल्ट लेक डेजर्ट	Nagy-sóstó-sivatag	Great Salt Lake Desert	deserto del Gran Lago Salato	グレートソルトレイク砂漠	그레이트 솔트 레이크 데저트	Great Salt Lake Desert	Wielka Pustynia Słona	Deserto do Grande Lago Salgado	Пустыня Большого Солёного Озера	Stora Saltsjööknen	Büyük Tuz Gölü Çölü	Sa mạc Great Salt Lake	大盐湖沙漠	5	1159110793	بیابان گریت سالت لیک	מדבר ימת המלח הגדולה	Пустеля Великого Солоного озера	گریٹ سالٹ لیک صحرا	大鹽湖沙漠
1	Playa	Rann of Kutch			It is divided into two main parts; Great Rann of Kutch and Little Rann of Kutch.	5.6	Q4026866	ران كوتشي	কচ্ছের রণ	Rann von Kachchh	Rann of Kutch	Rann de Kutch	Rann de Kutch	Ραν οβ Κατς	कच्छ का रण	Rann of Kutch	Rann of Kutch	Rann di Kutch	カッチ湿地	란 오브 쿠치	Rann van Kutch	Rann of Kutch	Rann of Kutch	Качский Ранн	Rann of Kutch	Rann of Kutch	Đầm lầy muối Rann of Kutch	喀奇兰恩	5	1159110797	ران کوچ	ראן אוף קוטץ'	Качський Ранн	رن آف کچھ	喀奇蘭恩
1	Playa	Salar de Uyuni		Salar de Tunupa	World's largest salt flat	5.6	Q76122	سالار دو أويوني	সালার দে ইউনি	Salar de Uyuni	Salar de Uyuni	Salar de Uyuni	Salar d'Uyuni	Σαλάρ ντε Ουγιούνι	सालार दे उयुनी	Salar de Uyuni	Salar de Uyuni	Salar de Uyuni	ウユニ	살라르 데 우유니	Salar de Uyuni	Salar de Uyuni	Salar de Uyuni	Солончак Уюни	Salar de Uyuni	Salar de Uyuni Gölü	Salar de Uyuni	烏尤尼鹽沼	4	1159110811	سالاردو ییونی	סאלאר דה אויוני	Салар-де-Уюні	سالاردو ییونی	烏尤尼鹽沼
1	Playa	Dasht-e Kavir		Kavir-e Namak, Great Salt Desert		5.6	Q272514	صحراء كوير	দাশ্তে কাভির	Kawir	Dasht-e Kavir	Desierto de Kavir	Dacht-e Kavir	Νταστ-ε Καβίρ	दास्त-ए कावीर	Dast-e Kavír	Dasht-e Kavir	Dasht-e Kavir	カヴィール砂漠	카비르 사막	Grote Zoutwoestijn	Wielka Pustynia Słona	Dasht-e Kavir	Деште-Кевир	Dasht-e Kavir	Kebir Çölü	Sa mạc muối Dasht-e Kavir	卡维尔盐漠	5	1159110827	دشت کویر	דשת-י כוויר	Деште-Кевір	دشت کنویر	卡維爾鹽漠
3	Playa	Sevier Lake				5.7	Q81246	بحيرة سيفير	সেভিয়ার লেক	Sevier Lake	Sevier Lake	Lago Sevier	lac Sevier	Λίμνη Σεβιέ	सेवियर झील	Sevier-tó	Danau Sevier	lago Sevier	セヴィア湖	세비에 레이크	Sevier Lake	Sevier Lake	Lago Sevier	Севир	Sevier Lake	Sevier Gölü	Hồ Sevier	塞维尔湖	4	1159110841	دریاچه سویر	אגם סווייר	озеро Севієр	سیویئر جھیل	塞维尔湖
3	Playa	Carson Sink				5.7	Q5046961	كارسون سينك	কার্সন সিঙ্ক	Carson Sink	Carson Sink	Carson Sink	Carson Sink	Κάρσον Σινκ	कार्सन सिंक	Carson Sink	Carson Sink	Carson Sink	カーソンシンク	카슨 싱크	Carson Sink	Carson Sink	Carson Sink	солончак Карсон-Синк	Carson Sink	Carson Sink	Vùng trũng Carson	卡森洼地	4	1159110845	حفره کارسون	קרסון סינק	Карсон-Сінк	کیرسن سنک	喀孫滲穴湖
3	Playa	Railroad Valley				5.7		وادي السكك الحديدية	রেলরোড ভ্যালি	Railroad Valley	Railroad Valley	Railroad Valley	Railroad Valley	Κοιλάδα Ρέιλγουεϊ	रेलमार्ग घाटी	Railroad Valley	Railroad Valley	Railroad Valley	レイルロード・バレー	레일로드 밸리	Railroad Valley	Railroad Valley	Railroad Valley	пустыня Рейлроуд-Вэлли	Railroad Valley	Railroad Valley	Thung lũng Railroad	瑞欧若德山谷	0	1159110859	دره ریلرود	עמק הרכבת	низина Рейлроуд	ریل روڈ وادی	鐵路谷沙漠盆地
3	Playa	Salar de Arizaro				5.7	Q3469637	سالار دي أريزارو	সালার ডি আরিজারো	Salar de Arizaro	Salar de Arizaro	Salar de Arizaro	Salar d'Arizaro	Σαλάρ ντε Αριζάρο	सालार डे अरिज़ारो	Salar de Arizaro	Salar de Arizaro	Salar de Arizaro	アリサロ塩原	살라르 데 아리자로	Salar de Arizaro	Salar de Arizaro	Salar de Arizaro	озеро Салар-де-Арисаро	Salar de Arizaro	Salar de Arizaro	Đồng muối Salar de Arizaro	阿里萨罗盐沼	4	1159110877	سالار د آریزارو	סאלאר דה אריזארו	Салар-де-Арізаро	سالار ڈی آریزارو	阿里扎羅鹽沼
3	Playa	Salar de Atacama				5.7	Q1142015	سالار دي أتاكاما	সালার ডি আতাকামা	Salar de Atacama	Salar de Atacama	Salar de Atacama	Salar d'Atacama	Σαλάρ ντε Ατακάμα	सालार दे अटाकामा	Salar de Atacama	Salar de Atacama	Salar de Atacama	アタカマ塩原	살라르 데 아타카마	Salar de Atacama	Salar de Atacama	Salar de Atacama	Салар-де-Атакама	Salar de Atacama	Salar de Atacama	Đồng muối Salar de Atacama	阿塔卡马盐沼	4	1159110893	سالار د آتاکاما	סאלאר דה אטקמה	Салар-де-Атакама	سالار ڈی ایٹاکیما	阿塔卡馬鹽沼
3	Playa	Salar de Coipasa		Coipasa Lake, Lago Coipasa		5.7	Q1860815	سالار دي كويباسا	সালার ডি কইপাসা	Salar de Coipasa	Salar de Coipasa	Salar de Coipasa	Salar de Coipasa	Σαλάρ ντε Κοϊπάσα	सालार दे कोइपासा	Salar de Coipasa	Salar de Coipasa	Salar de Coipasa	コイパサ塩湖	살라르 데 코이파사	Salar de Coipasa	Solnisko Coipasa	Salar de Coipasa	Солончак Койпаса	Coipasa	Salar de Coipasa	Hồ muối Salar de Coipasa	科伊帕萨盐沼	4	1159110897	سالار دو کویپاسا	סאלאר דה קויפאסה	Салар-де-Койпаса	سالار ڈی کوئیپاسا	科伊帕沙鹽沼
3	Playa	Daryacheh-ye Namak		Namak Lake		5.7	Q295272	بحيرة ناماك	দারিয়াচেচ-ইয়ে নামক	Namaksee	Namak Lake	Lago Namak	lac Namak	Νταριατσέχ-γιε Ναμάκ	दरयाचेह-ये नमक	Daryacheh-ye Namak	Daryacheh-ye Namak	Daryacheh-ye Namak	ナマク湖	다리아체예 나막	Namak Lake	Darjacze-je Namak	Lago Namak	Дерьячейе-Немек	Daryā-ye Namak	Daryacheh-ye Namak	Hồ muối Namak	纳马克湖	4	1159110915	دریاچه نمک قم	אגם נמכ	Дерьяче-є Немек	دریا چیہے نمک	納馬克湖
3	Playa	Kevir-e Namak		Lake Namakzar		5.7		كوير ناماك	কেভির-এ নামাক	Wüste Kawir	Kavir-e Namak	Kevir-e Namak	Dacht-e Kavir	Κεβίρ-ε Ναμάκ	केविर-ए नमक	Kevir-e Namak	Kevir-e Namak	Kevir-e Namak	カヴィール・ナマック	케비르에 나막	Kevir-e Namak	Kevir-e Namak	Kevir-e Namak	солончак Кавир-е-Намак	Kevir-e Namak	Kevir-e Namak	Sa mạc Kevir-e Namak	凯维尔纳马克	0	1159110935	کویر نمگ	קאוויר-אה נאמאק	Кевір Намак	کیویر نمک	納馬克沙漠盆地
3	Playa	Etosha Pan				5.7	Q280231	إتوشا بان	এতোশা পান	Etosha-Pfanne	Etosha pan	Cuenca de Etosha	pan d'Etosha	Ετόσα Παν	एटोशा पैन	Etosha Pan	Etosha Pan	Praterie alofile dell'Etosha Pan	エトーシャ塩湖	에토샤 팬	Etosha Pan	Etosza	Etosha Pan	Этоша	Etosha	Etosha Düzlüğü	Cánh đồng muối Etosha	埃托沙鹽湖	4	1159110955	اتوشا پن	אטושה פאן	Етоша	ایٹوشا پان	埃托沙鹽湖
3	Playa	Chott el Djerid		Tunisian Salt Lakes		5.7	Q849143	شط الجريد	চোট এল দজেরিদ	Chott el Djerid	Chott el Djerid	Chott el Djerid	Chott el-Jérid	Χοτ ελ Ντιερίντ	चॉट एल जेरिड	Chott el Djerid	Chott el Djerid	Chott el-Jerid	ジェリド湖	엘제리드호	Sjott el-Djerid	Wielki Szott	Chott el Jerid	Эль-Джерид	Chott el Djerid	Chott el Djerid	Hồ muối Chott el Djerid	杰里德大盐湖	4	1159110967	شات ال دیجرید	צ'וט אל ג'ריד	Шотт-ель-Джерід	چوٹ ایل جیرید	傑里德大鹽湖
3	Playa	Chott el Fejaj		Tunisian Salt Lakes		5.7	Q5105409	شط الفجاج	চোট এল ফেজাজ	Chott el Fedjadj	Chott el Fejej	Chott el Fejaj	Chott el-Fejaj	Χοτ ελ Φεζάζ	चॉट एल फेजाज	Chott el Fejaj	Chott el Fejaj	Chott el Fejaj	ショット・エル・フェジャジ	쇼트 엘 페자이	Chott el Fejaj	Chott el Fejaj	Chott el Fejaj	солончак Шотт эль-Феджадж	Chott el Fejaj	Chott el Fejaj	Lạch Chott el Fejaj	杰里德盐湖	4	1159110987	شات ال فجاج	שאט אל פג'אג'	Шот-ель-Фежаж	چوٹ ایل فجاج	費傑鹽湖
3	Playa	Namakzar-e Shadad		Dasht-e Lut, Lut Desert		5.7		ناماكزار شداد	নামাকজার-এ শাদাদ	Namakzar-e Shadad	Lut Desert	Namakzar-e Shadad	Désert de Lout	Ναμακζαρ-ε Σαντάντ	नमकज़र-ए शदाद	Namakzar-e Shadad	Namakzar-e Shadad	Namakzar-e Shadad	ナマクザール・シャダッド	나막자에 샤다드	Namakzar-e Shadad	Namakzar-e Shadad	Deserto de Lute	солончак Намакзар-е-Шахдад	Namakzar-e Shadad	Namakzar-e Shadad	Namakzar-e Shadad	沙达德盐湖	0	1159111001	نمکزار شهداد	נאמאנגאן	Намакзар Шадад	نمکزار شدد	沙達德鹽漠
3	Playa	Lop Nur		Lop Nor		5.7	Q319412	بحيرة لوب نور	লপ নূর	Lop Nor	Lop Nur	Lop Nor	Lob Nor	Λοπ Νουρ	लोप नुर	Lop-nór	Lop Nur	Lop Nur	ロプノール	로프노르	Lob Nuur	Lob-nor	Lop Nor	Лобнор	Lop Nor	Lop Nur	Lop Nur	罗布泊	4	1159111061	لوپ نور	לופ נור	Лобнор	لوپ نور	羅布泊
5	Playa				_untitled_4	6.0																							0	1159111075					
5	Playa				_untitled_3	6.0																							0	1159111087					
5	Playa				_untitled_2	6.0																							0	1159111099					
5	Playa	Salinas de Ambargasta				6.0		ساليناس دي أمبارغاستا	স্যালিনাস ডি অম্বারগাস্তা	Salinas de Ambargasta	Salinas de Ambargasta	Salinas de Ambargasta	Salinas de Ambargasta	Σαλίνας ντε Αμπαργκάστα	सेलिनास दे अंबरगास्ता	Salinas de Ambargasta	Salinas de Ambargasta	Salinas de Ambargasta	サリーナス・デ・アンバルガスタ湖	살리나스 데 암바르가스타	Salinas de Ambargasta	Salinas de Ambargasta	Salinas de Ambargasta	озеро Салинас-де-Амбаргаста	Salinas de Ambargasta	Salinas de Ambargasta	Hồ Salinas de Ambargasta	安巴加斯塔盐沼	0	1159111113	سالیناس د آمبارگاستا	סאלינאס דה אמבארגאסטה	Салінас-де-Амбаргаста	سالیناس ڈی ایمبارگاسٹا	安巴加斯塔鹽湖
5	Playa				_untitled_1	6.0																							0	1159111121					
5	Playa	Makgadikgadi Pans				6.0	Q533041	حوض ماغاديكغادي	মাকগাদিকগাদি প্যানস	Makgadikgadi-Salzpfannen	Makgadikgadi Pans	Salares de Makgadikgadi	Pan de Makgadikgadi	Μακγκαντικγκάντι Πανς	मक्गाडिकगड़ी पैन्स	Makgadikgadi Pans	Danau Makgadikgadi	Laghi salati del bacino dello Zambesi	マカディカディ塩湖	막가딕가디 팬스	Makgadikgadizoutvlaktes	Solniska Makgadikgadi	Salinas de Makgadikgadi	Макгадикгади	Makgadikgadislätten	Makgadikgadi Düzlükleri	Bồn địa Makgadikgadi	馬卡迪卡迪鹽沼	4	1159111135	کویر ماکهدیگادی	אגן מקגדיקגדי	Макгадікгаді	میکگادیکگادی پانز	馬卡迪卡迪鹽沼
5	Playa	Makgadikgadi Pans				6.0	Q533041	حوض ماغاديكغادي	মাকগাদিকগাদি প্যানস	Makgadikgadi-Salzpfannen	Makgadikgadi Pans	Salares de Makgadikgadi	Pan de Makgadikgadi	Μακγκαντικγκάντι Πανς	मक्गाडिकगड़ी पैन्स	Makgadikgadi Pans	Danau Makgadikgadi	Laghi salati del bacino dello Zambesi	マカディカディ塩湖	막가딕가디 팬스	Makgadikgadizoutvlaktes	Solniska Makgadikgadi	Salinas de Makgadikgadi	Макгадикгади	Makgadikgadislätten	Makgadikgadi Düzlükleri	Bồn địa Makgadikgadi	馬卡迪卡迪鹽沼	4	1159111151	کویر ماکهدیگادی	מקירה	Макгадікгаді	میکگادیکگادی پانز	馬卡迪卡迪鹽沼
5	Playa	Hamun-i-Mashkel				6.0		جزيرة مشكل	হামুন-ই-মাশকেল	Hamun-e-Mashkel	Hamun-i-Mashkel	Hamun-i-Mashkel	Hamun-i-Mashkel	Χαμούν-ι-Μάσκελ	हमुन-ए-मशकेल	Hamun-i-Mashkel	Hamun-i-Mashkel	Hamun-i-Mashkel	マシュケル低地	하문이마슈켈	Hamun-i-Mashkel	Hamun-i-Mashkel	Hamun-i-Mashkel	бассейн Хамуни-Машкиль	Hamun-i-Mashkel	Hamun-i-Mashkel	Hồ Hamun-i-Mashkel	马什克尔湖	0	1159111165	هامونی ماشکل	האמון-אי מאשקל	Машкель (Хамун)	ہامون ماشکیل	馬什克爾湖
5	Playa	Hamun-e Jaz Murian				6.0	Q195389	جزيرة جاز موريان	হামুন-এ জ্যাজ মুরিয়ান	Jaz-Murian-Becken	Hamun-e Jaz Murian	Hamun-e Jaz Murian	Hamun-e Jaz Murian	Χαμούν-ε Γιαζ Μουριάν	हमुन-ए जाज मुरियान	Hamun-e Jaz Murian	Hamun-e Jaz Murian	Hamun-e Jaz Murian	ジャズ・ムーリーアーン低地	하문에 재즈 무리안	Hamun-e Jaz Murian	Hamun-e Dżazmurijan	Hamun-e Jaz Murian	Джаз-Муриан	Hamun-e Jaz Murian	Hamun-e Jaz Murian	Hồ Hamun-e Jaz Murian	扎日 穆連凹地	4	1159111177	هامون جازموریان	האמון-אֶה ג'אז מוריאן	Джаз-Муріан (Хамун)	یامون جاز میورین	扎日 穆連凹地
5	Playa				_untitled_0	6.0																							0	1159111191					
7	Playa	Buena Vista Valley				6.7		وادي بوينا فيستا	বুয়েনা ভিস্তা ভ্যালি	Buena Vista Valley	Buena Vista Valley	Buena Vista Valley	Buena Vista Valley	Κοιλάδα Μπουένα Βίστα	बुएना विस्टा वैली	Buena Vista-völgy	Lembah Buena Vista	Buena Vista Valley	ブエナ・ビスタ・バレー	부에나 비스타 밸리	Buena Vista Valley	Dolina Buena Vista Valley	Vale Buena Vista	долина Буэна-Виста	Buena Vista Valley	Buena Vista Vadisi	Thung lũng Buena Vista	布埃纳维斯塔山谷	0	1159111205	دره بوئنا ویستا	עמק בואנה ויסטה	долина Буена Віста	بوئینا وسٹا وادی	布維納維斯塔山谷
7	Playa	Coal Valley				6.7		كول فالي	কোল ভ্যালি	Coal Valley	Coal Valley	Coal Valley	Coal Valley	Κόλ Βάλλεϊ	कोल वैली	Coal Valley	Coal Valley	Coal Valley	コール・バレー	코울 밸리	Coal Valley	Coal Valley	Coal Valley	Коул-Вэлли	Coal Valley	Kömür Vadisi	Thung lũng Coal	科尔瓦利	0	1159111219	دره کول	עמק הפחם	Кол-Веллі	کول وادی	煤谷
7	Playa	Laguna de Guzman				6.7		لاجونا دي جوزمان	লাগুনা দে গুজম্যান	Laguna Guzmán	Laguna de Guzman	Laguna Guzmán	Laguna de Guzman	Λαγκούνα ντε Γκουζμάν	लगुना द गुज़मान	Laguna de Guzman	Laguna de Guzman	Laguna de Guzman	ラグーナ・グスマン	라구나 데 구즈만	Laguna de Guzmán	Laguna de Guzman	Lago Guzmán	озеро Лагуна-Гусман	Laguna de Guzman	Laguna de Guzman	Hồ Laguna de Guzman	古兹曼湖	0	1159111231	لاگونا د گوزمان	לגונה דה גוזמן	Лагуна-де Гузман	لاگونا ڈی گزمان	古茲曼湖
7	Playa				_untitled_8	6.7																							0	1159111241					
7	Playa	Bristol Lake				6.7	Q4968942	بحيرة بريستول	ব্রিস্টল লেক	Bristol Lake	Bristol Lake	Lago Bristol	Bristol Lake	Λίμνη Μπρίστολ	ब्रिस्टल झील	Bristol-tó	Danau Bristol	Bristol Lake	ブリストル湖	브리스톨 레이크	Bristol Lake	Jezioro Bristol Lake	Lago Bristol	озеро Бристоль	Bristol Lake	Bristol Gölü	Hồ khô Bristol	布里斯托尔干湖	4	1159111257	دریاچه بریستول	אגם בריסטול	озеро Бристоль	برسٹل جھیل	布里斯托爾幹湖
7	Playa				_untitled_7	6.7																							0	1159111271					
7	Playa				_untitled_6	6.7																							0	1159111285					
7	Playa	Daqq-e Patergan				6.7		دق الباترجان	দাক-এ পাত্রেগ্যান	Daqq-e Patergan	Daqq-e Patergan	Daqq-e Patergan	Daqq-e Patergan	Ντακ-ε Πατεργκάν	दक़्-ए-पतर्गन	Daqq-e Patergan	Daqq-e Patergan	Daqq-e Patergan	ダッケ・パターガン	다키 패터곤	Daqq-e Patergan	Daqq-e Patergan	Daqq-e Patergan	солончак Дакк-э Патерган	Daqq-e Patergan	Daqq-e Patergan	Vùng lõm Patergan	帕特根盐湖	0	1159111299	دق پترگان	דאק-אֶה פאטרגאן	Дакке-Патерган	دق پیٹرگان	達希帕特岡湖
7	Playa	Chott Melrhir		Chott Melghir, Chott Melhir		6.7	Q584255	شط ملغيغ	চোট মেল্রহির	Schott Melghir	Chott Melrhir	Chott Melrhir	Chott Melghir	Σοτ Μελρίρ	चॉट मेलरिर	Merlhir-sott	Chott Melrhir	Chott Melrhir	メルリール湖	쇼트 멜리르	Chott Melrhir	Szatt Malghigh	Chott Melrhir	Мельгир	Chott Melrhir	Melrhir Tuz Gölü	Hồ muối Chott Melrhir	邁勒吉爾鹽湖	4	1159111311	شط ملغیغ	שוט מלע'יע'	Шотт-Мельгір	چوٹ میلریر	邁勒吉爾鹽湖
7	Playa	Chott el Gharsa		Tunisian Salt Lakes		6.7	Q590855	شط الغرسة	চোট এল ঘারসা	Chott el Gharsa	Shatt al Gharsah	Shatt al Gharsah	Chott el-Gharsa	Χοτ ελ Γκαρσά	चॉट एल घरसा	Chott el Gharsa	Chott el Gharsa	Chott el Gharsa	ショット・エル・ガルサ	쇼트 엘 가르사	Chott el Gharsa	Szatt al-Gharsa	Chott el-Gharsa	Шотт-эль-Гарса	Chott el Gharsa	Chott el Gharsa	Hồ muối Chott el Gharsa	盖尔萨盐湖	4	1159111325	شات ال قرصا	שט אל ג'רש	Шотт-ель-Гарса	چوٹ ایل غارصہ	蓋爾薩鹽湖
7	Playa	Chott ech Chergui				6.7	Q3643226	شط الشرقي	চোট এক চেরগুই	Chott Ech Chergui	Chott Ech Chergui	Chott Ech Chergui	Chott ech Chergui	Σοτ Ες Σεργκί	चॉट ईच चेरगुइ	Chott ech Chergui	Chott ech Chergui	Chott Ech Chergui	ショット・シェルギ	쇼트 에크 체르기	Chott Ech Chergui	Asz-Szatt asz-Szarki	Chott ech Chergui	Шотт-эш-Шерги	Chott ech Chergui	Chott ech Chergui	Hồ  muối Chott ech Chergui	东部盐湖	4	1159111339	چوت اک چرگوی	שאט אל שארקי	Шот Шергі	چوٹ ایک چیرگوئی	夏吉鹽湖
7	Playa				_untitled_5	6.7																							0	1159111351					
7	Playa				_untitled_4	6.7																							0	1159111361					
7	Playa				_untitled_3	6.7																							0	1159111373					
7	Playa	Kavir-e Abarkuh				6.7	Q5674509	كوير أبر کوه	কাভির-এ আবারকুহ	Kavir-e Abarkuh	Kaftar Lake	Kavir-e Abarkuh	Kavir-e Abar Kuh	Καβίρ-ε Αμπαρκού	कविर-ए अबरकुह	Kavir-e Abarkuh	Kavir-e Abarkuh	Kavir-e Abarkuh	カヴィール・アバルクーフ	카비르에 아바쿠	Kavir-e Abar Kuh	Darjacze-je Kaftar	Kavir-e Abar Kuh	солончак Кавир-е-Абар-Кух	Daryācheh-ye Kāftar	Kavir-e Abarkuh	Vùng trũng Kavir-e Abarkuh	阿巴库沙漠盆地	4	1159111387	دریاچه کافتر	קאוויר-אה אבארקו	Кавір Абаркух	کاویر ابر کوہ	卡維爾沙漠盆地
7	Playa	Gowd-e Zereh		Godzareh Depression		6.7	Q2013950	جود زريه	গৌড-এ জেরেহ	Godzareh-Senke	Godzareh depression	Goud-e-Zereh	Goud-e Zareh	Γκοουντ-ε Ζερέχ	गौड़-ए ज़ेरेह	Gowd-e Zereh	Gowd-e Zereh	Gowd-e Zereh	ゴードザリー低地	고드에 제레	Goud-e-Zereh	Gowd-e Zereh	Gowd-e Zereh	впадина Годзаре	Gowd-e Zereh	Gowd-e Zereh	Vùng lõm Godzareh	澤雷窪地	4	1159111403	گود زره	גאוד-אֶה זֶרֶח	Улоговина Гауді-Зира	گود زیریہ	澤雷窪地
7	Playa	Daryacheh-ye Sistan				6.7		سيستان دارياشي	দারিয়াচেচ-ইয়ে সিস্তান	Daryacheh-ye Sistan	Hamun Lake	Daryacheh-ye Sistan	Sistan Daryacheh-ye	Νταριατσέχ-γιε Σιστάν	दरयाचेह-ये सिस्तान	Daryacheh-ye Sistan	Daryacheh-ye Sistan	Daryacheh-ye Sistan	ダリヤチェーイェ・スィースターン	다리아체예 시스탄	Sistan Lake	Hamun-e Helmand	Daryacheh-ye Sistan	солончак Дарьяче-е Систан	Daryacheh-ye Sistan	Daryacheh-ye Sistan	Hồ Sistan	达里亚奇耶锡斯坦	0	1159111423	دریاچه سیستان	דאריאצֶ'ה-יֶה סיסטאן	Дерьяче-є Сістан	دریا چیہے سستان	西斯坦湖
7	Playa	Hamun-e Saberi				6.7		جزيرة صابري	হামুন-এ সাবেরি	Hamun-e Saberi	Hamun-e Saberi	Hamun-e Saberi	Lac Hamun	Χαμούν-ε Σαμπέρι	हमुन-ए सबरी	Hamun-e Saberi	Hamun-e Saberi	Hamun-e Saberi	サベリ低地	하문에 사베리	Hamun-e Saberi	Hamun-e Saberi	Hamun-e Saberi	озеро Хамун-э-Сабари	Hamun-e Saberi	Hamun-e Saberi	Hồ Hamun-e Saberi	萨贝里湖	0	1159111535	هامون صابری	האמון-אֶה סאברי	Сабарі (Хамун)	ہامون صابری	薩貝里湖
7	Playa				_untitled_2	6.7																							0	1159111547					
7	Playa	Fortescue River Floodout				6.7		فورتسك ريفر فلود أوت	ফোর্টেস্কু রিভার ফ্লাডআউট	Fortescue River Floodout	Fortescue Plains	Desborde del río Fortescue	Fortescue River	Φορτέσκ Ρίβερ Φλάνταουτ	फ़ोर्टस्क्यू नदी बाढ़	Fortescue River Floodout	Fortescue River Floodout	Fortescue River Floodout	フォーテスキュー川	포스티큐 리버 플루드아웃	Fortescue River	Zalew na rzece Fortescue	Fortescue River Floodout	река Фортескью	Fortescue River Floodout	Fortescue River Floodout	Vùng ngập nước sông Fortescue	福特斯库河	0	1159111573	طغیان رودخانه فورتسو	הצפת נהר פורטסק	Фортескью-Рівер-Флудаут	فورٹسکیو ریور فلڈ آؤٹ	福特斯秋河
8	Playa	Danby Lake				7.0	Q5214976	بحيرة دانبي	দানিব লেক	Danby Lake	Danby Lake	Danby Lake	Danby Lake	Λίμνη Ντάνμπι	डैनबी झील	Danby-tó	Danau Danby	Danby Lake	ダンビー湖	단비 레이크	Danby Lake	Danby Lake	Lago Danby	озеро Дэнби	Danby Lake	Danby Gölü	Hồ Danby	丹比湖	4	1159111581	دریاچه دانبی	אגם דנבי	Данбі	ڈینبی جھیل	丹比湖
8	Playa				_untitled_97	7.0																							0	1159111605					
8	Playa	Searles Lake				7.0	Q7332953	بحيرة سيرلز	সেরেলস লেক	Searles Lake	Searles lake	Lago Searles	Searles Lake	Λίμνη Σιρλς	सर्ल्स लेक	Searles Lake	Danau Searles	Searles Lake	サールズ湖	설레스 레이크	Searles Lake	Searles Lake	Lago Searles	Сёрлс	Searles Lake	Searles Gölü	Hồ Searles	瑟尔斯湖	4	1159111621	دریاچه سیرلس	אגם סירלס	Серлс	سیئرلز جھیل	瑟尔斯湖
8	Playa	Soda Lake				7.0	Q81309	بحيرة صودا	সোডা লেক	Soda Lake	Soda Lake	Lago Soda	Soda Lake	Λίμνη Σόντα	सोडा लेक	szikes tó	Danau Soda	Soda Lake	ソーダ湖	소다 레이크	Soda Lake	Soda Lake	Lago Soda	озеро Сода	Soda Lake	Soda Gölü	Hồ Soda	苏打湖	4	1159111633	دریاچه سودا	אגם סודה	Сода-Лейк	سوڈا جھیل	苏打湖
8	Playa				_untitled_96	7.0																							0	1159111651					
8	Playa				_untitled_95	7.0																							0	1159111671					
8	Playa	Salar de Pipanaco				7.0		سالار دي بيباناكو	সালার ডি পিপানাকো	Salar de Pipanaco	Salar de Pipanaco	Salar de Pipanaco	Salar de Pipanaco	Σαλάρ ντε Πιπανάκο	सालार दे पिपानाको	Salar de Pipanaco	Salar de Pipanaco	Salar de Pipanaco	ピパナコ塩湖	살라르 데 피파나코	Salar de Pipanaco	Solnisko Pipanaco	Salar de Pipanaco	озеро Салар-де-Пипанасо	Salar de Pipanaco	Salar de Pipanaco	Đồng muối Salar de Pipanaco	皮帕纳科盐沼	0	1159111681	سالار د پیپاناکو	סאלאר דה פיפאנקו	Салар-де-Піпанако	سالار ڈی پیپاناکو	皮帕納科鹽沼
8	Playa				_untitled_94	7.0																							0	1159111699					
8	Playa	Salar de Punta Negra				7.0		سالار دي بونتا نيجرا	সালার ডি পান্তা নেগ্রা	Salar de Punta Negra	Salar de Punta Negra	Salar de Punta Negra	Salar de Punta Negra	Σαλάρ ντε Πούντα Νέγρα	सालार दे पुंटा नेग्रा	Salar de Punta Negra	Salar de Punta Negra	Salar de Punta Negra	プンタ・ネグラ塩湖	살라르 데 푼타 네그라	Salar de Punta Negra	Solnisko Punta Negra	Salar de Punta Negra	озеро Салар-Пунта-Негра	Salar de Punta Negra	Salar de Punta Negra	Đồng muối Salar de Punta Negra	蓬塔内格拉盐沼	0	1159111717	سالار د پونتا نگرا	סאלאר דה פונטה נגרה	Салар-де-Пунта-Негра	سالار ڈی پونٹا نیگرا	蓬塔內格拉鹽沼
8	Playa	Kavir-e ?ajj `ali qoli				7.0		کویر حاج علیقلی	কাভির-এ ?আজ্জ 'আজ্জ কোলি	Kavir-e Hajj `Ali Qoli	Haj Aligholi Salt Lake	Kavir-e ?ajj `ali qoli	Kavir-e Hajj `Ali Qoli	Καβιρ-ε αζ αλί κολί	कविर-ए अज्ज अली कोली	Kavir-e ?ajj `ali qoli	Kavir-e Hajj `Ali Qoli	Kavire Haj Ali Qoli	カヴィール・ハッジ・アリコリ		Kavir-e Hajj `Ali Qoli	Kavir-e ?ajj `ali qoli	Kavir-e Hajj `Ali Qoli		Kavir-e Hajj `Ali Qoli	Kavir-e ?ajj `ali qoli	Kavir-e ?ajj `ali qoli	阿奇阿里库里沙漠盆地	0	1159111731	کویر حاج علی قلی	קאביר-אה אג' אלי קולי	Кавір-ай-алі-кволі	کاویر اک الی قولی	傑阿利沙漠盆地
8	Playa				_untitled_93	7.0																							0	1159111743					
8	Playa				_untitled_92	7.0																							0	1159111759					
8	Playa				_untitled_91	7.0																							0	1159111777					
8	Playa				_untitled_90	7.0																							0	1159111797					
8	Playa				_untitled_89	7.0																							0	1159111815					
8	Playa	Kavir-e Namak-e Sirjan				7.0		كوير نامكي سيرجين	কাভির-এ নামেক-এ সিরজান	Kavir-e Namak-e Sirjan	Kavīr-e Namak-e Sīrjān	Kavir-e Namak-e Sirjan	Kavir-e Namak-e Sirjan	Καβιρ-ε Ναμάκ-ε Σιργιάν	कविर-ए नमक-ए सिरजान	Kavir-e Namak-e Sirjan	Kavir-e Namak-e Sirjan	Kavir-e Namak-e Sirjan	カヴィール・ナマック・シルジャーン	카비르에 나마케 시르잔	Kavir-e Namak-e Sirjan	Wielka Pustynia Słona	Kavīr-e Namak-e Sīrjān	солончак Кавир-е-Намак-е-Сирьян	Kavir-e Namak-e Sirjan	Kavir-e Namak-e Sirjan	Vùng trũng Kavir-e Namak-e Sirjan	锡尔詹盐湖沙漠	0	1159111835	کویر نمک سیرجان	קאוויר-אה נאמאק-אה סיריאן	Кавір Намак Сіріан	کاویر نمک سرجان	納馬克西讓沙漠盆地
8	Playa	Hamun-i-Lora				7.0		جزيرة إي لورا	হামুন-ই-লোরা	Hamun-i-Lora	Hamun-i-Lora	Hamun-i-Lora	Hamun-i-Lora	Χαμούν-ι-Λόρα	हमुन-ए-लोरा	Hamun-i-Lora	Hamun-i-Lora	Hamun-i-Lora	ローラ低地	하문이로라	Hamun-i-Lora	Hamun-i-Lora	Hamun-i-Lora	бассейн Хамуни-Лора	Hamun-i-Lora	Hamun-i-Lora	Hồ Hamun-i-Lora	洛拉湖	0	1159111857	هامونی لورا	האמון-אי לורה	Лора (Хамун)	ہامون لورا	伊洛拉湖
8	Playa	Biger Nuur				7.0		بحيرة بيجر	বিগের নুর	Biger Nuur	Biger Nuur	Biger Nuur	Beger Nuur	Μπιγκέρ Νουρ	बिगर नुउर	Biger Nuur	Biger Nuur	Biger Nuur	ビゲル湖	비거 누르	Biger Lake	Biger nuur	Lago Biger	Бигэр-Нуур	Biger Nuur	Biger Nuur	Hồ Biger	比格湖	0	1159111877	بیگر نور	מדבר ביגר	Бігер-нуур	بگر نور	畢格努爾湖
8	Playa				_untitled_88	7.0																							0	1159111891					
8	Playa				_untitled_87	7.0																							0	1159111909					
8	Playa	Gaxun Nur				7.0		بحيرة جويان	গাস্যুন নুর	Gaxun Nur	Gaxun Nur	Gaxun Nur	Juyan Lake Basin	Γκαξούν Νουρ	गक्सुन नूर	Gaxun Nur	Gaxun Nur	Gaxun Nur	ジュヤン湖	각순 누르	Gaxun Nur	Gaxun Nur	Lago Juyan	солончак Гашун-Нур	Gaxun Nur	Gaxun Nur	Hồ Cư Diên Hải	嘎顺淖尔	0	1159111923	گاکسون نور	מדבר גאשון	Гашун-Нур	گیکشن نور	嘎遜努爾
8	Playa	Tsagaan Nuur				7.0		بحيرة تساجان	সাগান নূর	Tsagaan Nuur	Terkhiin Tsagaan Lake	Tsagaan Nuur	Tsagaan Nuur	Τσαγκαάν Νουούρ	त्सागान नूर	Tsagaan Nuur	Tsagaan Nuur	Tsagaan Nuur	ツァガーン	차간 누르	Tsagaan Nuur	Tsagaannur	Lago Terkhiin Tsagaan	солончак Шаргын-Цагаан-нуур	Tsagaan Nuur	Tsagaan Nuur	Hồ Tsagaan	察干湖	0	1159111941	تساگان نور	צאגאן נור	Тсагаан Нуур	ساگان نور	察幹努爾鹽湖
8	Playa				_untitled_86	7.0																							0	1159111949					
8	Playa	Ülken Qaraoy Köli				7.0		أولكين كاراوي كولي	উলকেন কারাওয়ে কলি	Ulken Qaraoy Koli	Ülken Qaraoy Köli	Ülken Qaraoy Köli	Ulken Qaraoy Koli	Ουλκέν Καραόϊ Κόλι	अलकेन क़राओय कोली	Ülken Qaraoy Köli	Ülken Qaraoy Köli	Ülken Qaraoy Köli	ユルケン・キャラオイ・コリ	울켄 가라오이 콜리	Ülken Qaraoy Köli	Ülken Qaraoy Köli	Ülken Qaraoy Köli	озеро Улькенкарой	Ülken Qaraoy Köli	Ülken Qaraoy Köli	Hồ Ülken Qaraoy Köli	乌尔肯卡洛伊湖	0	1159111965	اولکین کارائوی کولی	אולקן קאראוי קולי	Улкен Кварай Колі	اولکین قاروئے کولی	烏爾肯卡拉奧鹽湖
8	Playa	Ülken Qaraoy Köli				7.0		أولكين كاراوي كولي	উলকেন কারাওয়ে কলি	Ulken Qaraoy Koli	Ülken Qaraoy Köli	Ülken Qaraoy Köli	Ulken Qaraoy Koli	Ουλκέν Καραόϊ Κόλι	अलकेन क़राओय कोली	Ülken Qaraoy Köli	Ülken Qaraoy Köli	Ülken Qaraoy Köli	ユルケン・キャラオイ・コリ	울켄 가라오이 콜리	Ülken Qaraoy Köli	Ülken Qaraoy Köli	Ülken Qaraoy Köli	озеро Улькенкарой	Ülken Qaraoy Köli	Ülken Qaraoy Köli	Hồ Ülken Qaraoy Köli	乌尔肯卡洛伊湖	0	1159111981	اولکین کارائوی کولی	אולקן קאראוי קולי	Улкен Кварай Колі	اولکین قاروئے کولی	烏爾肯卡拉奧鹽湖
1	Playa	Aralkum Desert		South Aral Sea		5.6	Q276776	الصحراء الجديدة (آرالكوم)	আরাল্কাম ডেজার্ট	Westlicher Aralsee	South Aral Sea	Mar de Aral Sur	Grande Aral	Έρημος Αραλκούμ	अरालकुम मरुस्थल	Aralkum sivatag	Laut Aral Selatan	Grande Aral	南アラル海	아랄쿰 데저트	South Aral Sea	Pustynia Ara-Kulm	Deserto de Aralkum	Большое Аральское море	Aralkum	Güney Aral Gölü	Sa mạc Aralkum	南咸海	4	1729982847	صحرای آراکوما	מדבר אראלקום	Південне Аральське море	آرالکم ڈیزرٹ	南鹹海
